# timestamp_iso, raw_line
2025-10-31T11:01:43.708,CSI_DATA,AP,24:0A:C4:02:64:2C,-24,11,1,7,1,1,1,1,0,0,0,-95,1,6,1,1154876428,0,84,0,0,1155.08,384,[84 -64 4 0 0 0 0 0 0 0 0 0 15 2 16 3 15 3 16 4 15 4 15 5 15 4 15 6 13 6 14 5 14 4 13 5 13 7 14 7 14 7 12 7 13 7 11 5 12 7 12 6 12 7 11 6 12 5 13 -1 12 -1 12 -1 12 0 12 -2 13 -2 12 -2 12 -2 0 0 0 0 0 0 0 0 0 48-1 12 -1 12 -1 12 0 12 -2 13 -2 12 -2 12 -2 0 0 0 0 0 0 0 0 0 48-1 12 -1 12 -1 12 0 12 -2 13 -2 12 -2 12 -2 0 0 0 0 0 0 0 0 0 0 ]
2025-10-31T11:01:43.744,CSI_DATA,AP,24:0A:C4:02:64:2C,-24,11,1,7,1,1,1,1,0,0,0,-95,1,6,1,1154876428,0,84,0,0,1155.08,384,[84 -64 4 0 0 0 0 0 0 0 0 0 15 2 16 3 15 3 16 4 15 4 15 5 15 4 15 6 13 6 14 5 14 4 13 5 13 7 14 7 14 7 12 7 13 7 11 5 12 7 12 6 12 7 11 6 12 5 12 4 11 5 11 5 0 0 12 4 11 5 12 5 10 3 11 4 11CSI_DATA,AP,24:0A:C:64:2C,-24,11,1,7,1,1,1,1,0,0,0,-95,1,6,1,11548-1 12 -1 12 -1 12 0 12 -2 13 -2 12 -2 12 -2 0 0 0 0 0 0 0 0 0 0 ]
2025-10-31T11:01:43.770,CSI_DATA,AP,24:0A:C4:02:64:2C,-24,11,1,7,1,1,1,1,0,0,0,-95,1,6,1,1154876428,0,84,0,0,1155.08,384,[84 -64 4 0 0 0 0 0 0 0 0 0 15 2 16 3 15 3 16 4 15 4 15 5 15 4 15 6 13 6 14 5 14 4 13 5 13 7 14 7 14 7 12 7 13 7 11 5 12 7 12 6 12 7 11 6 12 5 12 4 11 5 11 5 0 0 12 4 11 5 12 5 10 3 11 4 11CSI_DATA,AP,24:0A:C:64:2C,-24,11,1,7,1,1,1,1,0,0,0,-95,1,6,1,11548-1 12 -1 12 -1 12 0 12 -2 13 -2 12 -2 12 -2 0 0 0 0 0 0 0 0 0 0 ]
2025-10-31T11:01:43.797,CSI_DATA,AP,24:0A:C4:02:64:2C,-24,11,1,7,1,1,1,1,0,0,0,-95,1,6,1,1154876428,0,84,0,0,1155.08,384,[84 -64 4 0 0 0 0 0 0 0 0 0 15 2 16 3 15 3 16 4 15 4 15 5 15 4 15 6 13 6 14 5 14 4 13 5 13 7 14 7 14 7 12 7 13 7 11 5 12 7 12 6 12 7 11 6 12 5 12 4 11 5 11 5 0 0 12 4 11 5 12 5 10 3 11 4 11CSI_DATA,AP,24:0A:C:64:2C,-24,11,1,7,1,1,1,1,0,0,0,-95,1,6,1,11548-1 12 -1 12 -1 12 0 12 -2 13 -2 12 -2 12 -2 0 0 0 0 0 0 0 0 0 0 ]
2025-10-31T11:01:43.828,CSI_DATA,AP,24:0A:C4:02:64:2C,-24,11,1,7,1,1,1,1,0,0,0,-95,1,6,1,1154876428,0,84,0,0,1155.08,384,[84 -64 4 0 0 0 0 0 0 0 0 0 15 2 16 3 15 3 16 4 15 4 15 5 15 4 15 6 13 6 14 5 14 4 13 5 13 7 14 7 14 7 12 7 13 7 11 5 12 7 12 6 12 7 11 6 12 5 12 4 11 5 11 5 0 0 12 4 11 5 12 5 10 3 11 4 11CSI_DATA,AP,24:0A:C:64:2C,-24,11,1,7,1,1,1,1,0,0,0,-95,1,6,1,11548-1 12 -1 12 -1 12 0 12 -2 13 -2 12 -2 12 -2 0 0 0 0 0 0 0 0 0 0 ]
2025-10-31T11:01:43.845,CSI_DATA,AP,24:0A:C4:02:64:2C,-24,11,1,7,1,1,1,1,0,0,0,-95,1,6,1,1154876428,0,84,0,0,1155.08,384,[84 -64 4 0 0 0 0 0 0 0 0 0 15 2 16 3 15 3 16 4 15 4 15 5 15 4 15 6 13 6 14 5 14 4 13 5 13 7 14 7 14 7 12 7 13 7 11 5 12 7 12 6 12 7 11 6 12 5 12 4 11 5 11 5 0 0 12 4 11 5 12 5 10 3 11 4 11CSI_DATA,AP,24:0A:C:64:2C,-24,11,1,7,1,1,1,1,0,0,0,-95,1,6,1,11548-1 12 -1 12 -1 12 0 12 -2 13 -2 12 -2 12 -2 0 0 0 0 0 0 0 0 0 0 ]
2025-10-31T11:01:43.875,CSI_DATA,AP,24:0A:C4:02:64:2C,-24,11,1,7,1,1,1,1,0,0,0,-95,1,6,1,1154876428,0,84,0,0,1155.08,384,[84 -64 4 0 0 0 0 0 0 0 0 0 15 2 16 3 15 3 16 4 15 4 15 5 15 4 15 6 13 6 14 5 14 4 13 5 13 7 14 7 14 7 12 7 13 7 11 5 12 7 12 6 12 7 11 6 12 5 12 4 11 5 11 5 0 0 12 4 11 5 12 5 10 3 11 4 11CSI_DATA,AP,24:0A:C:64:2C,-24,11,1,7,1,1,1,1,0,0,0,-95,1,6,1,11548-1 12 -1 12 -1 12 0 12 -2 13 -2 12 -2 12 -2 0 0 0 0 0 0 0 0 0 0 ]
2025-10-31T11:01:43.908,CSI_DATA,AP,24:0A:C4:02:64:2C,-24,11,1,7,1,1,1,1,0,0,0,-95,1,6,1,1154876428,0,84,0,0,1155.08,384,[84 -64 4 0 0 0 0 0 0 0 0 0 15 2 16 3 15 3 16 4 15 4 15 5 15 4 15 6 13 6 14 5 14 4 13 5 13 7 14 7 14 7 12 7 13 7 11 5 12 7 12 6 12 7 11 6 12 5 12 4 11 5 11 5 0 0 12 4 11 5 12 5 10 3 11 4 11CSI_DATA,AP,24:0A:C:64:2C,-24,11,1,7,1,1,1,1,0,0,0,-95,1,6,1,11548-1 12 -1 12 -1 12 0 12 -2 13 -2 12 -2 12 -2 0 0 0 0 0 0 0 0 0 0 ]
2025-10-31T11:01:43.942,CSI_DATA,AP,24:0A:C4:02:64:2C,-24,11,1,7,1,1,1,1,0,0,0,-95,1,6,1,1154876428,0,84,0,0,1155.08,384,[84 -64 4 0 0 0 0 0 0 0 0 0 15 2 16 3 15 3 16 4 15 4 15 5 15 4 15 6 13 6 14 5 14 4 13 5 13 7 14 7 14 7 12 7 13 7 11 5 12 7 12 6 12 7 11 6 12 5 12 4 11 5 11 5 0 0 12 4 11 5 12 5 10 3 11 4 11CSI_DATA,AP,24:0A:C:64:2C,-24,11,1,7,1,1,1,1,0,0,0,-95,1,6,1,11548-1 12 -1 12 -1 12 0 12 -2 13 -2 12 -2 12 -2 0 0 0 0 0 0 0 0 0 0 ]
2025-10-31T11:01:43.967,CSI_DATA,AP,24:0A:C4:02:64:2C,-24,11,1,7,1,1,1,1,0,0,0,-95,1,6,1,1154876428,0,84,0,0,1155.08,384,[84 -64 4 0 0 0 0 0 0 0 0 0 15 2 16 3 15 3 16 4 15 4 15 5 15 4 15 6 13 6 14 5 14 4 13 5 13 7 14 7 14 7 12 7 13 7 11 5 12 7 12 6 12 7 11 6 12 5 12 4 11 5 11 5 0 0 12 4 11 5 12 5 10 3 11 4 11CSI_DATA,AP,24:0A:C:64:2C,-24,11,1,7,1,1,1,1,0,0,0,-95,1,6,1,11548-1 12 -1 12 -1 12 0 12 -2 13 -2 12 -2 12 -2 0 0 0 0 0 0 0 0 0 0 ]
2025-10-31T11:01:43.991,CSI_DATA,AP,24:0A:C4:02:64:2C,-24,11,1,7,1,1,1,1,0,0,0,-95,1,6,1,1154876428,0,84,0,0,1155.08,384,[84 -64 4 0 0 0 0 0 0 0 0 0 15 2 16 3 15 3 16 4 15 4 15 5 15 4 15 6 13 6 14 5 14 4 13 5 13 7 14 7 14 7 12 7 13 7 11 5 12 7 12 6 12 7 11 6 12 5 12 4 11 5 11 5 0 0 12 4 11 5 12 5 10 3 11 4 11CSI_DATA,AP,24:0A:C:64:2C,-24,11,1,7,1,1,1,1,0,0,0,-95,1,6,1,11548-1 12 -1 12 -1 12 0 12 -2 13 -2 12 -2 12 -2 0 0 0 0 0 0 0 0 0 0 ]
2025-10-31T11:01:44.024,CSI_DATA,AP,24:0A:C4:02:64:2C,-24,11,1,7,1,1,1,1,0,0,0,-95,1,6,1,1154876428,0,84,0,0,1155.08,384,[84 -64 4 0 0 0 0 0 0 0 0 0 15 2 16 3 15 3 16 4 15 4 15 5 15 4 15 6 13 6 14 5 14 4 13 5 13 7 14 7 14 7 12 7 13 7 11 5 12 7 12 6 12 7 11 6 12 5 12 4 11 5 11 5 0 0 12 4 11 5 12 5 10 3 11 4 11CSI_DATA,AP,24:0A:C:64:2C,-24,11,1,7,1,1,1,1,0,0,0,-95,1,6,1,11548-1 12 -1 12 -1 12 0 12 -2 13 -2 12 -2 12 -2 0 0 0 0 0 0 0 0 0 0 ]
2025-10-31T11:01:44.057,CSI_DATA,AP,24:0A:C4:02:64:2C,-24,11,1,7,1,1,1,1,0,0,0,-95,1,6,1,1154876428,0,84,0,0,1155.08,384,[84 -64 4 0 0 0 0 0 0 0 0 0 15 2 16 3 15 3 16 4 15 4 15 5 15 4 15 6 13 6 14 5 14 4 13 5 13 7 14 7 14 7 12 7 13 7 11 5 12 7 12 6 12 7 11 6 12 5 12 4 11 5 11 5 0 0 12 4 11 5 12 5 10 3 11 4 11CSI_DATA,AP,24:0A:C:64:2C,-24,11,1,7,1,1,1,1,0,0,0,-95,1,6,1,11548-1 12 -1 12 -1 12 0 12 -2 13 -2 12 -2 12 -2 0 0 0 0 0 0 0 0 0 0 ]
2025-10-31T11:01:44.079,CSI_DATA,AP,24:0A:C4:02:64:2C,-24,11,1,7,1,1,1,1,0,0,0,-95,1,6,1,1154876428,0,84,0,0,1155.08,384,[84 -64 4 0 0 0 0 0 0 0 0 0 15 2 16 3 15 3 16 4 15 4 15 5 15 4 15 6 13 6 14 5 14 4 13 5 13 7 14 7 14 7 12 7 13 7 11 5 12 7 12 6 12 7 11 6 12 5 12 4 11 5 11 5 0 0 12 4 11 5 12 5 10 3 11 4 11CSI_DATA,AP,24:0A:C:64:2C,-24,11,1,7,1,1,1,1,0,0,0,-95,1,6,1,11548-1 12 -1 12 -1 12 0 12 -2 13 -2 12 -2 12 -2 0 0 0 0 0 0 0 0 0 0 ]
2025-10-31T11:01:44.108,CSI_DATA,AP,24:0A:C4:02:64:2C,-24,11,1,7,1,1,1,1,0,0,0,-95,1,6,1,1154876428,0,84,0,0,1155.08,384,[84 -64 4 0 0 0 0 0 0 0 0 0 15 2 16 3 15 3 16 4 15 4 15 5 15 4 15 6 13 6 14 5 14 4 13 5 13 7 14 7 14 7 12 7 13 7 11 5 12 7 12 6 12 7 11 6 12 5 12 4 11 5 11 5 0 0 12 4 11 5 12 5 10 3 11 4 11CSI_DATA,AP,24:0A:C:64:2C,-24,11,1,7,1,1,1,1,0,0,0,-95,1,6,1,11548-1 12 -1 12 -1 12 0 12 -2 13 -2 12 -2 12 -2 0 0 0 0 0 0 0 0 0 0 ]
2025-10-31T11:01:44.125,CSI_DATA,AP,24:0A:C4:02:64:2C,-24,11,1,7,1,1,1,1,0,0,0,-95,1,6,1,1154876428,0,84,0,0,1155.08,384,[84 -64 4 0 0 0 0 0 0 0 0 0 15 2 16 3 15 3 16 4 15 4 15 5 15 4 15 6 13 6 14 5 14 4 13 5 13 7 14 7 14 7 12 7 13 7 11 5 12 7 12 6 12 7 11 6 12 5 12 4 11 5 11 5 0 0 12 4 11 5 12 5 10 3 11 4 11CSI_DATA,AP,24:0A:C:64:2C,-24,11,1,7,1,1,1,1,0,0,0,-95,1,6,1,11548-1 12 -1 12 -1 12 0 12 -2 13 -2 12 -2 12 -2 0 0 0 0 0 0 0 0 0 0 ]
2025-10-31T11:01:44.158,CSI_DATA,AP,24:0A:C4:02:64:2C,-24,11,1,7,1,1,1,1,0,0,0,-95,1,6,1,1154876428,0,84,0,0,1155.08,384,[84 -64 4 0 0 0 0 0 0 0 0 0 15 2 16 3 15 3 16 4 15 4 15 5 15 4 15 6 13 6 14 5 14 4 13 5 13 7 14 7 14 7 12 7 13 7 11 5 12 7 12 6 12 7 11 6 12 5 12 4 11 5 11 5 0 0 12 4 11 5 12 5 10 3 11 4 11CSI_DATA,AP,24:0A:C:64:2C,-24,11,1,7,1,1,1,1,0,0,0,-95,1,6,1,11548-1 12 -1 12 -1 12 0 12 -2 13 -2 12 -2 12 -2 0 0 0 0 0 0 0 0 0 0 ]
2025-10-31T11:01:44.183,CSI_DATA,AP,24:0A:C4:02:64:2C,-24,11,1,7,1,1,1,1,0,0,0,-95,1,6,1,1154876428,0,84,0,0,1155.08,384,[84 -64 4 0 0 0 0 0 0 0 0 0 15 2 16 3 15 3 16 4 15 4 15 5 15 4 15 6 13 6 14 5 14 4 13 5 13 7 14 7 14 7 12 7 13 7 11 5 12 7 12 6 12 7 11 6 12 5 12 4 11 5 11 5 0 0 12 4 11 5 12 5 10 3 11 4 11CSI_DATA,AP,24:0A:C:64:2C,-24,11,1,7,1,1,1,1,0,0,0,-95,1,6,1,11548-1 12 -1 12 -1 12 0 12 -2 13 -2 12 -2 12 -2 0 0 0 0 0 0 0 0 0 0 ]
2025-10-31T11:01:44.210,CSI_DATA,AP,24:0A:C4:02:64:2C,-24,11,1,7,1,1,1,1,0,0,0,-95,1,6,1,1154876428,0,84,0,0,1155.08,384,[84 -64 4 0 0 0 0 0 0 0 0 0 15 2 16 3 15 3 16 4 15 4 15 5 15 4 15 6 13 6 14 5 14 4 13 5 13 7 14 7 14 7 12 7 13 7 11 5 12 7 12 6 12 7 11 6 12 5 12 4 11 5 11 5 0 0 12 4 11 5 12 5 10 3 11 4 11CSI_DATA,AP,24:0A:C:64:2C,-24,11,1,7,1,1,1,1,0,0,0,-95,1,6,1,11548-1 12 -1 12 -1 12 0 12 -2 13 -2 12 -2 12 -2 0 0 0 0 0 0 0 0 0 0 ]
2025-10-31T11:01:44.243,CSI_DATA,AP,24:0A:C4:02:64:2C,-24,11,1,7,1,1,1,1,0,0,0,-95,1,6,1,1154876428,0,84,0,0,1155.08,384,[84 -64 4 0 0 0 0 0 0 0 0 0 15 2 16 3 15 3 16 4 15 4 15 5 15 4 15 6 13 6 14 5 14 4 13 5 13 7 14 7 14 7 12 7 13 7 11 5 12 7 12 6 12 7 11 6 12 5 12 4 11 5 11 5 0 0 12 4 11 5 12 5 10 3 11 4 11CSI_DATA,AP,24:0A:C:64:2C,-24,11,1,7,1,1,1,1,0,0,0,-95,1,6,1,11548-1 12 -1 12 -1 12 0 12 -2 13 -2 12 -2 12 -2 0 0 0 0 0 0 0 0 0 0 ]
2025-10-31T11:01:44.275,CSI_DATA,AP,24:0A:C4:02:64:2C,-24,11,1,7,1,1,1,1,0,0,0,-95,1,6,1,1154876428,0,84,0,0,1155.08,384,[84 -64 4 0 0 0 0 0 0 0 0 0 15 2 16 3 15 3 16 4 15 4 15 5 15 4 15 6 13 6 14 5 14 4 13 5 13 7 14 7 14 7 12 7 13 7 11 5 12 7 12 6 12 7 11 6 12 5 12 4 11 5 11 5 0 0 12 4 11 5 12 5 10 3 11 4 11CSI_DATA,AP,24:0A:C:64:2C,-24,11,1,7,1,1,1,1,0,0,0,-95,1,6,1,11548-1 12 -1 12 -1 12 0 12 -2 13 -2 12 -2 12 -2 0 0 0 0 0 0 0 0 0 0 ]
2025-10-31T11:01:44.306,CSI_DATA,AP,24:0A:C4:02:64:2C,-24,11,1,7,1,1,1,1,0,0,0,-95,1,6,1,1154876428,0,84,0,0,1155.08,384,[84 -64 4 0 0 0 0 0 0 0 0 0 15 2 16 3 15 3 16 4 15 4 15 5 15 4 15 6 13 6 14 5 14 4 13 5 13 7 14 7 14 7 12 7 13 7 11 5 12 7 12 6 12 7 11 6 12 5 12 4 11 5 11 5 0 0 12 4 11 5 12 5 10 3 11 4 11CSI_DATA,AP,24:0A:C:64:2C,-24,11,1,7,1,1,1,1,0,0,0,-95,1,6,1,11548-1 12 -1 12 -1 12 0 12 -2 13 -2 12 -2 12 -2 0 0 0 0 0 0 0 0 0 0 ]
2025-10-31T11:01:44.336,CSI_DATA,AP,24:0A:C4:02:64:2C,-24,11,1,7,1,1,1,1,0,0,0,-95,1,6,1,1154876428,0,84,0,0,1155.08,384,[84 -64 4 0 0 0 0 0 0 0 0 0 15 2 16 3 15 3 16 4 15 4 15 5 15 4 15 6 13 6 14 5 14 4 13 5 13 7 14 7 14 7 12 7 13 7 11 5 12 7 12 6 12 7 11 6 12 5 12 4 11 5 11 5 0 0 12 4 11 5 12 5 10 3 11 4 11CSI_DATA,AP,24:0A:C:64:2C,-24,11,1,7,1,1,1,1,0,0,0,-95,1,6,1,11548-1 12 -1 12 -1 12 0 12 -2 13 -2 12 -2 12 -2 0 0 0 0 0 0 0 0 0 0 ]
2025-10-31T11:01:44.362,CSI_DATA,AP,24:0A:C4:02:64:2C,-24,11,1,7,1,1,1,1,0,0,0,-95,1,6,1,1154876428,0,84,0,0,1155.08,384,[84 -64 4 0 0 0 0 0 0 0 0 0 15 2 16 3 15 3 16 4 15 4 15 5 15 4 15 6 13 6 14 5 14 4 13 5 13 7 14 7 14 7 12 7 13 7 11 5 12 7 12 6 12 7 11 6 12 5 12 4 11 5 11 5 0 0 12 4 11 5 12 5 10 3 11 4 11CSI_DATA,AP,24:0A:C:64:2C,-24,11,1,7,1,1,1,1,0,0,0,-95,1,6,1,11548-1 12 -1 12 -1 12 0 12 -2 13 -2 12 -2 12 -2 0 0 0 0 0 0 0 0 0 0 ]
2025-10-31T11:01:44.391,CSI_DATA,AP,24:0A:C4:02:64:2C,-24,11,1,7,1,1,1,1,0,0,0,-95,1,6,1,1154876428,0,84,0,0,1155.08,384,[84 -64 4 0 0 0 0 0 0 0 0 0 15 2 16 3 15 3 16 4 15 4 15 5 15 4 15 6 13 6 14 5 14 4 13 5 13 7 14 7 14 7 12 7 13 7 11 5 12 7 12 6 12 7 11 6 12 5 12 4 11 5 11 5 0 0 12 4 11 5 12 5 10 3 11 4 11CSI_DATA,AP,24:0A:C:64:2C,-24,11,1,7,1,1,1,1,0,0,0,-95,1,6,1,11548-1 12 -1 12 -1 12 0 12 -2 13 -2 12 -2 12 -2 0 0 0 0 0 0 0 0 0 0 ]
2025-10-31T11:01:44.423,CSI_DATA,AP,24:0A:C4:02:64:2C,-24,11,1,7,1,1,1,1,0,0,0,-95,1,6,1,1154876428,0,84,0,0,1155.08,384,[84 -64 4 0 0 0 0 0 0 0 0 0 15 2 16 3 15 3 16 4 15 4 15 5 15 4 15 6 13 6 14 5 14 4 13 5 13 7 14 7 14 7 12 7 13 7 11 5 12 7 12 6 12 7 11 6 12 5 12 4 11 5 11 5 0 0 12 4 11 5 12 5 10 3 11 4 11CSI_DATA,AP,24:0A:C:64:2C,-24,11,1,7,1,1,1,1,0,0,0,-95,1,6,1,11548-1 12 -1 12 -1 12 0 12 -2 13 -2 12 -2 12 -2 0 0 0 0 0 0 0 0 0 0 ]
2025-10-31T11:01:44.453,CSI_DATA,AP,24:0A:C4:02:64:2C,-24,11,1,7,1,1,1,1,0,0,0,-95,1,6,1,1154876428,0,84,0,0,1155.08,384,[84 -64 4 0 0 0 0 0 0 0 0 0 15 2 16 3 15 3 16 4 15 4 15 5 15 4 15 6 13 6 14 5 14 4 13 5 13 7 14 7 14 7 12 7 13 7 11 5 12 7 12 6 12 7 11 6 12 5 12 4 11 5 11 5 0 0 12 4 11 5 12 5 10 3 11 4 11CSI_DATA,AP,24:0A:C:64:2C,-24,11,1,7,1,1,1,1,0,0,0,-95,1,6,1,11548-1 12 -1 12 -1 12 0 12 -2 13 -2 12 -2 12 -2 0 0 0 0 0 0 0 0 0 0 ]
2025-10-31T11:01:44.476,CSI_DATA,AP,24:0A:C4:02:64:2C,-24,11,1,7,1,1,1,1,0,0,0,-95,1,6,1,1154876428,0,84,0,0,1155.08,384,[84 -64 4 0 0 0 0 0 0 0 0 0 15 2 16 3 15 3 16 4 15 4 15 5 15 4 15 6 13 6 14 5 14 4 13 5 13 7 14 7 14 7 12 7 13 7 11 5 12 7 12 6 12 7 11 6 12 5 12 4 11 5 11 5 0 0 12 4 11 5 12 5 10 3 11 4 11CSI_DATA,AP,24:0A:C:64:2C,-24,11,1,7,1,1,1,1,0,0,0,-95,1,6,1,11548-1 12 -1 12 -1 12 0 12 -2 13 -2 12 -2 12 -2 0 0 0 0 0 0 0 0 0 0 ]
2025-10-31T11:01:44.509,CSI_DATA,AP,24:0A:C4:02:64:2C,-24,11,1,7,1,1,1,1,0,0,0,-95,1,6,1,1154876428,0,84,0,0,1155.08,384,[84 -64 4 0 0 0 0 0 0 0 0 0 15 2 16 3 15 3 16 4 15 4 15 5 15 4 15 6 13 6 14 5 14 4 13 5 13 7 14 7 14 7 12 7 13 7 11 5 12 7 12 6 12 7 11 6 12 5 12 4 11 5 11 5 0 0 12 4 11 5 12 5 10 3 11 4 11CSI_DATA,AP,24:0A:C:64:2C,-24,11,1,7,1,1,1,1,0,0,0,-95,1,6,1,11548-1 12 -1 12 -1 12 0 12 -2 13 -2 12 -2 12 -2 0 0 0 0 0 0 0 0 0 0 ]
2025-10-31T11:01:44.533,CSI_DATA,AP,24:0A:C4:02:64:2C,-24,11,1,7,1,1,1,1,0,0,0,-95,1,6,1,1154876428,0,84,0,0,1155.08,384,[84 -64 4 0 0 0 0 0 0 0 0 0 15 2 16 3 15 3 16 4 15 4 15 5 15 4 15 6 13 6 14 5 14 4 13 5 13 7 14 7 14 7 12 7 13 7 11 5 12 7 12 6 12 7 11 6 12 5 12 4 11 5 11 5 0 0 12 4 11 5 12 5 10 3 11 4 11CSI_DATA,AP,24:0A:C:64:2C,-24,11,1,7,1,1,1,1,0,0,0,-95,1,6,1,11548-1 12 -1 12 -1 12 0 12 -2 13 -2 12 -2 12 -2 0 0 0 0 0 0 0 0 0 0 ]
2025-10-31T11:01:44.558,CSI_DATA,AP,24:0A:C4:02:64:2C,-24,11,1,7,1,1,1,1,0,0,0,-95,1,6,1,1154876428,0,84,0,0,1155.08,384,[84 -64 4 0 0 0 0 0 0 0 0 0 15 2 16 3 15 3 16 4 15 4 15 5 15 4 15 6 13 6 14 5 14 4 13 5 13 7 14 7 14 7 12 7 13 7 11 5 12 7 12 6 12 7 11 6 12 5 12 4 11 5 11 5 0 0 12 4 11 5 12 5 10 3 11 4 11CSI_DATA,AP,24:0A:C:64:2C,-24,11,1,7,1,1,1,1,0,0,0,-95,1,6,1,11548-1 12 -1 12 -1 12 0 12 -2 13 -2 12 -2 12 -2 0 0 0 0 0 0 0 0 0 0 ]
2025-10-31T11:01:44.592,CSI_DATA,AP,24:0A:C4:02:64:2C,-24,11,1,7,1,1,1,1,0,0,0,-95,1,6,1,1154876428,0,84,0,0,1155.08,384,[84 -64 4 0 0 0 0 0 0 0 0 0 15 2 16 3 15 3 16 4 15 4 15 5 15 4 15 6 13 6 14 5 14 4 13 5 13 7 14 7 14 7 12 7 13 7 11 5 12 7 12 6 12 7 11 6 12 5 12 4 11 5 11 5 0 0 12 4 11 5 12 5 10 3 11 4 11CSI_DATA,AP,24:0A:C:64:2C,-24,11,1,7,1,1,1,1,0,0,0,-95,1,6,1,11548-1 12 -1 12 -1 12 0 12 -2 13 -2 12 -2 12 -2 0 0 0 0 0 0 0 0 0 0 ]
2025-10-31T11:01:44.609,CSI_DATA,AP,24:0A:C4:02:64:2C,-24,11,1,7,1,1,1,1,0,0,0,-95,1,6,1,1154876428,0,84,0,0,1155.08,384,[84 -64 4 0 0 0 0 0 0 0 0 0 15 2 16 3 15 3 16 4 15 4 15 5 15 4 15 6 13 6 14 5 14 4 13 5 13 7 14 7 14 7 12 7 13 7 11 5 12 7 12 6 12 7 11 6 12 5 12 4 11 5 11 5 0 0 12 4 11 5 12 5 10 3 11 4 11CSI_DATA,AP,24:0A:C:64:2C,-24,11,1,7,1,1,1,1,0,0,0,-95,1,6,1,11548-1 12 -1 12 -1 12 0 12 -2 13 -2 12 -2 12 -2 0 0 0 0 0 0 0 0 0 0 ]
2025-10-31T11:01:44.644,CSI_DATA,AP,24:0A:C4:02:64:2C,-24,11,1,7,1,1,1,1,0,0,0,-95,1,6,1,1154876428,0,84,0,0,1155.08,384,[84 -64 4 0 0 0 0 0 0 0 0 0 15 2 16 3 15 3 16 4 15 4 15 5 15 4 15 6 13 6 14 5 14 4 13 5 13 7 14 7 14 7 12 7 13 7 11 5 12 7 12 6 12 7 11 6 12 5 12 4 11 5 11 5 0 0 12 4 11 5 12 5 10 3 11 4 11CSI_DATA,AP,24:0A:C:64:2C,-24,11,1,7,1,1,1,1,0,0,0,-95,1,6,1,11548-1 12 -1 12 -1 12 0 12 -2 13 -2 12 -2 12 -2 0 0 0 0 0 0 0 0 0 0 ]
2025-10-31T11:01:44.668,CSI_DATA,AP,24:0A:C4:02:64:2C,-24,11,1,7,1,1,1,1,0,0,0,-95,1,6,1,1154876428,0,84,0,0,1155.08,384,[84 -64 4 0 0 0 0 0 0 0 0 0 15 2 16 3 15 3 16 4 15 4 15 5 15 4 15 6 13 6 14 5 14 4 13 5 13 7 14 7 14 7 12 7 13 7 11 5 12 7 12 6 12 7 11 6 12 5 12 4 11 5 11 5 0 0 12 4 11 5 12 5 10 3 11 4 11CSI_DATA,AP,24:0A:C:64:2C,-24,11,1,7,1,1,1,1,0,0,0,-95,1,6,1,11548-1 12 -1 12 -1 12 0 12 -2 13 -2 12 -2 12 -2 0 0 0 0 0 0 0 0 0 0 ]
2025-10-31T11:01:44.700,CSI_DATA,AP,24:0A:C4:02:64:2C,-24,11,1,7,1,1,1,1,0,0,0,-95,1,6,1,1154876428,0,84,0,0,1155.08,384,[84 -64 4 0 0 0 0 0 0 0 0 0 15 2 16 3 15 3 16 4 15 4 15 5 15 4 15 6 13 6 14 5 14 4 13 5 13 7 14 7 14 7 12 7 13 7 11 5 12 7 12 6 12 7 11 6 12 5 12 4 11 5 11 5 0 0 12 4 11 5 12 5 10 3 11 4 11CSI_DATA,AP,24:0A:C:64:2C,-24,11,1,7,1,1,1,1,0,0,0,-95,1,6,1,11548-1 12 -1 12 -1 12 0 12 -2 13 -2 12 -2 12 -2 0 0 0 0 0 0 0 0 0 0 ]
2025-10-31T11:01:44.724,CSI_DATA,AP,24:0A:C4:02:64:2C,-24,11,1,7,1,1,1,1,0,0,0,-95,1,6,1,1154876428,0,84,0,0,1155.08,384,[84 -64 4 0 0 0 0 0 0 0 0 0 15 2 16 3 15 3 16 4 15 4 15 5 15 4 15 6 13 6 14 5 14 4 13 5 13 7 14 7 14 7 12 7 13 7 11 5 12 7 12 6 12 7 11 6 12 5 12 4 11 5 11 5 0 0 12 4 11 5 12 5 10 3 11 4 11CSI_DATA,AP,24:0A:C:64:2C,-24,11,1,7,1,1,1,1,0,0,0,-95,1,6,1,11548-1 12 -1 12 -1 12 0 12 -2 13 -2 12 -2 12 -2 0 0 0 0 0 0 0 0 0 0 ]
2025-10-31T11:01:44.742,CSI_DATA,AP,24:0A:C4:02:64:2C,-24,11,1,7,1,1,1,1,0,0,0,-95,1,6,1,1154876428,0,84,0,0,1155.08,384,[84 -64 4 0 0 0 0 0 0 0 0 0 15 2 16 3 15 3 16 4 15 4 15 5 15 4 15 6 13 6 14 5 14 4 13 5 13 7 14 7 14 7 12 7 13 7 11 5 12 7 12 6 12 7 11 6 12 5 12 4 11 5 11 5 0 0 12 4 11 5 12 5 10 3 11 4 11CSI_DATA,AP,24:0A:C:64:2C,-24,11,1,7,1,1,1,1,0,0,0,-95,1,6,1,11548-1 12 -1 12 -1 12 0 12 -2 13 -2 12 -2 12 -2 0 0 0 0 0 0 0 0 0 0 ]
2025-10-31T11:01:44.758,CSI_DATA,AP,24:0A:C4:02:64:2C,-24,11,1,7,1,1,1,1,0,0,0,-95,1,6,1,1154876428,0,84,0,0,1155.08,384,[84 -64 4 0 0 0 0 0 0 0 0 0 15 2 16 3 15 3 16 4 15 4 15 5 15 4 15 6 13 6 14 5 14 4 13 5 13 7 14 7 14 7 12 7 13 7 11 5 12 7 12 6 12 7 11 6 12 5 12 4 11 5 11 5 0 0 12 4 11 5 12 5 10 3 11 4 11CSI_DATA,AP,24:0A:C:64:2C,-24,11,1,7,1,1,1,1,0,0,0,-95,1,6,1,11548-1 12 -1 12 -1 12 0 12 -2 13 -2 12 -2 12 -2 0 0 0 0 0 0 0 0 0 0 ]
2025-10-31T11:01:44.788,CSI_DATA,AP,24:0A:C4:02:64:2C,-24,11,1,7,1,1,1,1,0,0,0,-95,1,6,1,1154876428,0,84,0,0,1155.08,384,[84 -64 4 0 0 0 0 0 0 0 0 0 15 2 16 3 15 3 16 4 15 4 15 5 15 4 15 6 13 6 14 5 14 4 13 5 13 7 14 7 14 7 12 7 13 7 11 5 12 7 12 6 12 7 11 6 12 5 12 4 11 5 11 5 0 0 12 4 11 5 12 5 10 3 11 4 11CSI_DATA,AP,24:0A:C:64:2C,-24,11,1,7,1,1,1,1,0,0,0,-95,1,6,1,11548-1 12 -1 12 -1 12 0 12 -2 13 -2 12 -2 12 -2 0 0 0 0 0 0 0 0 0 0 ]
2025-10-31T11:01:44.809,CSI_DATA,AP,24:0A:C4:02:64:2C,-24,11,1,7,1,1,1,1,0,0,0,-95,1,6,1,1154876428,0,84,0,0,1155.08,384,[84 -64 4 0 0 0 0 0 0 0 0 0 15 2 16 3 15 3 16 4 15 4 15 5 15 4 15 6 13 6 14 5 14 4 13 5 13 7 14 7 14 7 12 7 13 7 11 5 12 7 12 6 12 7 11 6 12 5 12 4 11 5 11 5 0 0 12 4 11 5 12 5 10 3 11 4 11CSI_DATA,AP,24:0A:C:64:2C,-24,11,1,7,1,1,1,1,0,0,0,-95,1,6,1,11548-1 12 -1 12 -1 12 0 12 -2 13 -2 12 -2 12 -2 0 0 0 0 0 0 0 0 0 0 ]
2025-10-31T11:01:44.835,CSI_DATA,AP,24:0A:C4:02:64:2C,-24,11,1,7,1,1,1,1,0,0,0,-95,1,6,1,1154876428,0,84,0,0,1155.08,384,[84 -64 4 0 0 0 0 0 0 0 0 0 15 2 16 3 15 3 16 4 15 4 15 5 15 4 15 6 13 6 14 5 14 4 13 5 13 7 14 7 14 7 12 7 13 7 11 5 12 7 12 6 12 7 11 6 12 5 12 4 11 5 11 5 0 0 12 4 11 5 12 5 10 3 11 4 11CSI_DATA,AP,24:0A:C:64:2C,-24,11,1,7,1,1,1,1,0,0,0,-95,1,6,1,11548-1 12 -1 12 -1 12 0 12 -2 13 -2 12 -2 12 -2 0 0 0 0 0 0 0 0 0 0 ]
2025-10-31T11:01:44.864,CSI_DATA,AP,24:0A:C4:02:64:2C,-24,11,1,7,1,1,1,1,0,0,0,-95,1,6,1,1154876428,0,84,0,0,1155.08,384,[84 -64 4 0 0 0 0 0 0 0 0 0 15 2 16 3 15 3 16 4 15 4 15 5 15 4 15 6 13 6 14 5 14 4 13 5 13 7 14 7 14 7 12 7 13 7 11 5 12 7 12 6 12 7 11 6 12 5 12 4 11 5 11 5 0 0 12 4 11 5 12 5 10 3 11 4 11CSI_DATA,AP,24:0A:C:64:2C,-24,11,1,7,1,1,1,1,0,0,0,-95,1,6,1,11548-1 12 -1 12 -1 12 0 12 -2 13 -2 12 -2 12 -2 0 0 0 0 0 0 0 0 0 0 ]
2025-10-31T11:01:44.890,CSI_DATA,AP,24:0A:C4:02:64:2C,-24,11,1,7,1,1,1,1,0,0,0,-95,1,6,1,1154876428,0,84,0,0,1155.08,384,[84 -64 4 0 0 0 0 0 0 0 0 0 15 2 16 3 15 3 16 4 15 4 15 5 15 4 15 6 13 6 14 5 14 4 13 5 13 7 14 7 14 7 12 7 13 7 11 5 12 7 12 6 12 7 11 6 12 5 12 4 11 5 11 5 0 0 12 4 11 5 12 5 10 3 11 4 11CSI_DATA,AP,24:0A:C:64:2C,-24,11,1,7,1,1,1,1,0,0,0,-95,1,6,1,11548-1 12 -1 12 -1 12 0 12 -2 13 -2 12 -2 12 -2 0 0 0 0 0 0 0 0 0 0 ]
2025-10-31T11:01:44.915,CSI_DATA,AP,24:0A:C4:02:64:2C,-24,11,1,7,1,1,1,1,0,0,0,-95,1,6,1,1154876428,0,84,0,0,1155.08,384,[84 -64 4 0 0 0 0 0 0 0 0 0 15 2 16 3 15 3 16 4 15 4 15 5 15 4 15 6 13 6 14 5 14 4 13 5 13 7 14 7 14 7 12 7 13 7 11 5 12 7 12 6 12 7 11 6 12 5 12 4 11 5 11 5 0 0 12 4 11 5 12 5 10 3 11 4 11CSI_DATA,AP,24:0A:C:64:2C,-24,11,1,7,1,1,1,1,0,0,0,-95,1,6,1,11548-1 12 -1 12 -1 12 0 12 -2 13 -2 12 -2 12 -2 0 0 0 0 0 0 0 0 0 0 ]
2025-10-31T11:01:44.926,CSI_DATA,AP,24:0A:C4:02:64:2C,-24,11,1,7,1,1,1,1,0,0,0,-95,1,6,1,1154876428,0,84,0,0,1155.08,384,[84 -64 4 0 0 0 0 0 0 0 0 0 15 2 16 3 15 3 16 4 15 4 15 5 15 4 15 6 13 6 14 5 14 4 13 5 13 7 14 7 14 7 12 7 13 7 11 5 12 7 12 6 12 7 11 6 12 5 12 4 11 5 11 5 0 0 12 4 11 5 12 5 10 3 11 4 11CSI_DATA,AP,24:0A:C:64:2C,-24,11,1,7,1,1,1,1,0,0,0,-95,1,6,1,11548-1 12 -1 12 -1 12 0 12 -2 13 -2 12 -2 12 -2 0 0 0 0 0 0 0 0 0 0 ]
2025-10-31T11:01:44.959,CSI_DATA,AP,24:0A:C4:02:64:2C,-24,11,1,7,1,1,1,1,0,0,0,-95,1,6,1,1154876428,0,84,0,0,1155.08,384,[84 -64 4 0 0 0 0 0 0 0 0 0 15 2 16 3 15 3 16 4 15 4 15 5 15 4 15 6 13 6 14 5 14 4 13 5 13 7 14 7 14 7 12 7 13 7 11 5 12 7 12 6 12 7 11 6 12 5 12 4 11 5 11 5 0 0 12 4 11 5 12 5 10 3 11 4 11CSI_DATA,AP,24:0A:C:64:2C,-24,11,1,7,1,1,1,1,0,0,0,-95,1,6,1,11548-1 12 -1 12 -1 12 0 12 -2 13 -2 12 -2 12 -2 0 0 0 0 0 0 0 0 0 0 ]
2025-10-31T11:01:44.990,CSI_DATA,AP,24:0A:C4:02:64:2C,-24,11,1,7,1,1,1,1,0,0,0,-95,1,6,1,1154876428,0,84,0,0,1155.08,384,[84 -64 4 0 0 0 0 0 0 0 0 0 15 2 16 3 15 3 16 4 15 4 15 5 15 4 15 6 13 6 14 5 14 4 13 5 13 7 14 7 14 7 12 7 13 7 11 5 12 7 12 6 12 7 11 6 12 5 12 4 11 5 11 5 0 0 12 4 11 5 12 5 10 3 11 4 11CSI_DATA,AP,24:0A:C:64:2C,-24,11,1,7,1,1,1,1,0,0,0,-95,1,6,1,11548-1 12 -1 12 -1 12 0 12 -2 13 -2 12 -2 12 -2 0 0 0 0 0 0 0 0 0 0 ]
2025-10-31T11:01:45.024,CSI_DATA,AP,24:0A:C4:02:64:2C,-24,11,1,7,1,1,1,1,0,0,0,-95,1,6,1,1154876428,0,84,0,0,1155.08,384,[84 -64 4 0 0 0 0 0 0 0 0 0 15 2 16 3 15 3 16 4 15 4 15 5 15 4 15 6 13 6 14 5 14 4 13 5 13 7 14 7 14 7 12 7 13 7 11 5 12 7 12 6 12 7 11 6 12 5 12 4 11 5 11 5 0 0 12 4 11 5 12 5 10 3 11 4 11CSI_DATA,AP,24:0A:C:64:2C,-24,11,1,7,1,1,1,1,0,0,0,-95,1,6,1,11548-1 12 -1 12 -1 12 0 12 -2 13 -2 12 -2 12 -2 0 0 0 0 0 0 0 0 0 0 ]
2025-10-31T11:01:45.040,CSI_DATA,AP,24:0A:C4:02:64:2C,-24,11,1,7,1,1,1,1,0,0,0,-95,1,6,1,1154876428,0,84,0,0,1155.08,384,[84 -64 4 0 0 0 0 0 0 0 0 0 15 2 16 3 15 3 16 4 15 4 15 5 15 4 15 6 13 6 14 5 14 4 13 5 13 7 14 7 14 7 12 7 13 7 11 5 12 7 12 6 12 7 11 6 12 5 12 4 11 5 11 5 0 0 12 4 11 5 12 5 10 3 11 4 11CSI_DATA,AP,24:0A:C:64:2C,-24,11,1,7,1,1,1,1,0,0,0,-95,1,6,1,11548-1 12 -1 12 -1 12 0 12 -2 13 -2 12 -2 12 -2 0 0 0 0 0 0 0 0 0 0 ]
2025-10-31T11:01:45.076,CSI_DATA,AP,24:0A:C4:02:64:2C,-24,11,1,7,1,1,1,1,0,0,0,-95,1,6,1,1154876428,0,84,0,0,1155.08,384,[84 -64 4 0 0 0 0 0 0 0 0 0 15 2 16 3 15 3 16 4 15 4 15 5 15 4 15 6 13 6 14 5 14 4 13 5 13 7 14 7 14 7 12 7 13 7 11 5 12 7 12 6 12 7 11 6 12 5 12 4 11 5 11 5 0 0 12 4 11 5 12 5 10 3 11 4 11CSI_DATA,AP,24:0A:C:64:2C,-24,11,1,7,1,1,1,1,0,0,0,-95,1,6,1,11548-1 12 -1 12 -1 12 0 12 -2 13 -2 12 -2 12 -2 0 0 0 0 0 0 0 0 0 0 ]
2025-10-31T11:01:45.109,CSI_DATA,AP,24:0A:C4:02:64:2C,-24,11,1,7,1,1,1,1,0,0,0,-95,1,6,1,1154876428,0,84,0,0,1155.08,384,[84 -64 4 0 0 0 0 0 0 0 0 0 15 2 16 3 15 3 16 4 15 4 15 5 15 4 15 6 13 6 14 5 14 4 13 5 13 7 14 7 14 7 12 7 13 7 11 5 12 7 12 6 12 7 11 6 12 5 12 4 11 5 11 5 0 0 12 4 11 5 12 5 10 3 11 4 11CSI_DATA,AP,24:0A:C:64:2C,-24,11,1,7,1,1,1,1,0,0,0,-95,1,6,1,11548-1 12 -1 12 -1 12 0 12 -2 13 -2 12 -2 12 -2 0 0 0 0 0 0 0 0 0 0 ]
2025-10-31T11:01:45.136,CSI_DATA,AP,24:0A:C4:02:64:2C,-24,11,1,7,1,1,1,1,0,0,0,-95,1,6,1,1154876428,0,84,0,0,1155.08,384,[84 -64 4 0 0 0 0 0 0 0 0 0 15 2 16 3 15 3 16 4 15 4 15 5 15 4 15 6 13 6 14 5 14 4 13 5 13 7 14 7 14 7 12 7 13 7 11 5 12 7 12 6 12 7 11 6 12 5 12 4 11 5 11 5 0 0 12 4 11 5 12 5 10 3 11 4 11CSI_DATA,AP,24:0A:C:64:2C,-24,11,1,7,1,1,1,1,0,0,0,-95,1,6,1,11548-1 12 -1 12 -1 12 0 12 -2 13 -2 12 -2 12 -2 0 0 0 0 0 0 0 0 0 0 ]
2025-10-31T11:01:45.157,CSI_DATA,AP,24:0A:C4:02:64:2C,-24,11,1,7,1,1,1,1,0,0,0,-95,1,6,1,1154876428,0,84,0,0,1155.08,384,[84 -64 4 0 0 0 0 0 0 0 0 0 15 2 16 3 15 3 16 4 15 4 15 5 15 4 15 6 13 6 14 5 14 4 13 5 13 7 14 7 14 7 12 7 13 7 11 5 12 7 12 6 12 7 11 6 12 5 12 4 11 5 11 5 0 0 12 4 11 5 12 5 10 3 11 4 11CSI_DATA,AP,24:0A:C:64:2C,-24,11,1,7,1,1,1,1,0,0,0,-95,1,6,1,11548-1 12 -1 12 -1 12 0 12 -2 13 -2 12 -2 12 -2 0 0 0 0 0 0 0 0 0 0 ]
2025-10-31T11:01:45.190,CSI_DATA,AP,24:0A:C4:02:64:2C,-24,11,1,7,1,1,1,1,0,0,0,-95,1,6,1,1154876428,0,84,0,0,1155.08,384,[84 -64 4 0 0 0 0 0 0 0 0 0 15 2 16 3 15 3 16 4 15 4 15 5 15 4 15 6 13 6 14 5 14 4 13 5 13 7 14 7 14 7 12 7 13 7 11 5 12 7 12 6 12 7 11 6 12 5 12 4 11 5 11 5 0 0 12 4 11 5 12 5 10 3 11 4 11CSI_DATA,AP,24:0A:C:64:2C,-24,11,1,7,1,1,1,1,0,0,0,-95,1,6,1,11548-1 12 -1 12 -1 12 0 12 -2 13 -2 12 -2 12 -2 0 0 0 0 0 0 0 0 0 0 ]
2025-10-31T11:01:45.226,CSI_DATA,AP,24:0A:C4:02:64:2C,-24,11,1,7,1,1,1,1,0,0,0,-95,1,6,1,1154876428,0,84,0,0,1155.08,384,[84 -64 4 0 0 0 0 0 0 0 0 0 15 2 16 3 15 3 16 4 15 4 15 5 15 4 15 6 13 6 14 5 14 4 13 5 13 7 14 7 14 7 12 7 13 7 11 5 12 7 12 6 12 7 11 6 12 5 12 4 11 5 11 5 0 0 12 4 11 5 12 5 10 3 11 4 11CSI_DATA,AP,24:0A:C:64:2C,-24,11,1,7,1,1,1,1,0,0,0,-95,1,6,1,11548-1 12 -1 12 -1 12 0 12 -2 13 -2 12 -2 12 -2 0 0 0 0 0 0 0 0 0 0 ]
2025-10-31T11:01:45.250,CSI_DATA,AP,24:0A:C4:02:64:2C,-24,11,1,7,1,1,1,1,0,0,0,-95,1,6,1,1154876428,0,84,0,0,1155.08,384,[84 -64 4 0 0 0 0 0 0 0 0 0 15 2 16 3 15 3 16 4 15 4 15 5 15 4 15 6 13 6 14 5 14 4 13 5 13 7 14 7 14 7 12 7 13 7 11 5 12 7 12 6 12 7 11 6 12 5 12 4 11 5 11 5 0 0 12 4 11 5 12 5 10 3 11 4 11CSI_DATA,AP,24:0A:C:64:2C,-24,11,1,7,1,1,1,1,0,0,0,-95,1,6,1,11548-1 12 -1 12 -1 12 0 12 -2 13 -2 12 -2 12 -2 0 0 0 0 0 0 0 0 0 0 ]
2025-10-31T11:01:45.274,CSI_DATA,AP,24:0A:C4:02:64:2C,-24,11,1,7,1,1,1,1,0,0,0,-95,1,6,1,1154876428,0,84,0,0,1155.08,384,[84 -64 4 0 0 0 0 0 0 0 0 0 15 2 16 3 15 3 16 4 15 4 15 5 15 4 15 6 13 6 14 5 14 4 13 5 13 7 14 7 14 7 12 7 13 7 11 5 12 7 12 6 12 7 11 6 12 5 12 4 11 5 11 5 0 0 12 4 11 5 12 5 10 3 11 4 11CSI_DATA,AP,24:0A:C:64:2C,-24,11,1,7,1,1,1,1,0,0,0,-95,1,6,1,11548-1 12 -1 12 -1 12 0 12 -2 13 -2 12 -2 12 -2 0 0 0 0 0 0 0 0 0 0 ]
2025-10-31T11:01:45.315,CSI_DATA,AP,24:0A:C4:02:64:2C,-24,11,1,7,1,1,1,1,0,0,0,-95,1,6,1,1154876428,0,84,0,0,1155.08,384,[84 -64 4 0 0 0 0 0 0 0 0 0 15 2 16 3 15 3 16 4 15 4 15 5 15 4 15 6 13 6 14 5 14 4 13 5 13 7 14 7 14 7 12 7 13 7 11 5 12 7 12 6 12 7 11 6 12 5 12 4 11 5 11 5 0 0 12 4 11 5 12 5 10 3 11 4 11CSI_DATA,AP,24:0A:C:64:2C,-24,11,1,7,1,1,1,1,0,0,0,-95,1,6,1,11548-1 12 -1 12 -1 12 0 12 -2 13 -2 12 -2 12 -2 0 0 0 0 0 0 0 0 0 0 ]
2025-10-31T11:01:45.348,CSI_DATA,AP,24:0A:C4:02:64:2C,-24,11,1,7,1,1,1,1,0,0,0,-95,1,6,1,1154876428,0,84,0,0,1155.08,384,[84 -64 4 0 0 0 0 0 0 0 0 0 15 2 16 3 15 3 16 4 15 4 15 5 15 4 15 6 13 6 14 5 14 4 13 5 13 7 14 7 14 7 12 7 13 7 11 5 12 7 12 6 12 7 11 6 12 5 12 4 11 5 11 5 0 0 12 4 11 5 12 5 10 3 11 4 11CSI_DATA,AP,24:0A:C:64:2C,-24,11,1,7,1,1,1,1,0,0,0,-95,1,6,1,11548-1 12 -1 12 -1 12 0 12 -2 13 -2 12 -2 12 -2 0 0 0 0 0 0 0 0 0 0 ]
2025-10-31T11:01:45.374,CSI_DATA,AP,24:0A:C4:02:64:2C,-24,11,1,7,1,1,1,1,0,0,0,-95,1,6,1,1154876428,0,84,0,0,1155.08,384,[84 -64 4 0 0 0 0 0 0 0 0 0 15 2 16 3 15 3 16 4 15 4 15 5 15 4 15 6 13 6 14 5 14 4 13 5 13 7 14 7 14 7 12 7 13 7 11 5 12 7 12 6 12 7 11 6 12 5 12 4 11 5 11 5 0 0 12 4 11 5 12 5 10 3 11 4 11CSI_DATA,AP,24:0A:C:64:2C,-24,11,1,7,1,1,1,1,0,0,0,-95,1,6,1,11548-1 12 -1 12 -1 12 0 12 -2 13 -2 12 -2 12 -2 0 0 0 0 0 0 0 0 0 0 ]
2025-10-31T11:01:45.410,CSI_DATA,AP,24:0A:C4:02:64:2C,-24,11,1,7,1,1,1,1,0,0,0,-95,1,6,1,1154876428,0,84,0,0,1155.08,384,[84 -64 4 0 0 0 0 0 0 0 0 0 15 2 16 3 15 3 16 4 15 4 15 5 15 4 15 6 13 6 14 5 14 4 13 5 13 7 14 7 14 7 12 7 13 7 11 5 12 7 12 6 12 7 11 6 12 5 12 4 11 5 11 5 0 0 12 4 11 5 12 5 10 3 11 4 11CSI_DATA,AP,24:0A:C:64:2C,-24,11,1,7,1,1,1,1,0,0,0,-95,1,6,1,11548-1 12 -1 12 -1 12 0 12 -2 13 -2 12 -2 12 -2 0 0 0 0 0 0 0 0 0 0 ]
2025-10-31T11:01:45.436,CSI_DATA,AP,24:0A:C4:02:64:2C,-24,11,1,7,1,1,1,1,0,0,0,-95,1,6,1,1154876428,0,84,0,0,1155.08,384,[84 -64 4 0 0 0 0 0 0 0 0 0 15 2 16 3 15 3 16 4 15 4 15 5 15 4 15 6 13 6 14 5 14 4 13 5 13 7 14 7 14 7 12 7 13 7 11 5 12 7 12 6 12 7 11 6 12 5 12 4 11 5 11 5 0 0 12 4 11 5 12 5 10 3 11 4 11CSI_DATA,AP,24:0A:C:64:2C,-24,11,1,7,1,1,1,1,0,0,0,-95,1,6,1,11548-1 12 -1 12 -1 12 0 12 -2 13 -2 12 -2 12 -2 0 0 0 0 0 0 0 0 0 0 ]
2025-10-31T11:01:45.465,CSI_DATA,AP,24:0A:C4:02:64:2C,-24,11,1,7,1,1,1,1,0,0,0,-95,1,6,1,1154876428,0,84,0,0,1155.08,384,[84 -64 4 0 0 0 0 0 0 0 0 0 15 2 16 3 15 3 16 4 15 4 15 5 15 4 15 6 13 6 14 5 14 4 13 5 13 7 14 7 14 7 12 7 13 7 11 5 12 7 12 6 12 7 11 6 12 5 12 4 11 5 11 5 0 0 12 4 11 5 12 5 10 3 11 4 11CSI_DATA,AP,24:0A:C:64:2C,-24,11,1,7,1,1,1,1,0,0,0,-95,1,6,1,11548-1 12 -1 12 -1 12 0 12 -2 13 -2 12 -2 12 -2 0 0 0 0 0 0 0 0 0 0 ]
2025-10-31T11:01:45.490,CSI_DATA,AP,24:0A:C4:02:64:2C,-24,11,1,7,1,1,1,1,0,0,0,-95,1,6,1,1154876428,0,84,0,0,1155.08,384,[84 -64 4 0 0 0 0 0 0 0 0 0 15 2 16 3 15 3 16 4 15 4 15 5 15 4 15 6 13 6 14 5 14 4 13 5 13 7 14 7 14 7 12 7 13 7 11 5 12 7 12 6 12 7 11 6 12 5 12 4 11 5 11 5 0 0 12 4 11 5 12 5 10 3 11 4 11CSI_DATA,AP,24:0A:C:64:2C,-24,11,1,7,1,1,1,1,0,0,0,-95,1,6,1,11548-1 12 -1 12 -1 12 0 12 -2 13 -2 12 -2 12 -2 0 0 0 0 0 0 0 0 0 0 ]
2025-10-31T11:01:45.515,CSI_DATA,AP,24:0A:C4:02:64:2C,-24,11,1,7,1,1,1,1,0,0,0,-95,1,6,1,1154876428,0,84,0,0,1155.08,384,[84 -64 4 0 0 0 0 0 0 0 0 0 15 2 16 3 15 3 16 4 15 4 15 5 15 4 15 6 13 6 14 5 14 4 13 5 13 7 14 7 14 7 12 7 13 7 11 5 12 7 12 6 12 7 11 6 12 5 12 4 11 5 11 5 0 0 12 4 11 5 12 5 10 3 11 4 11CSI_DATA,AP,24:0A:C:64:2C,-24,11,1,7,1,1,1,1,0,0,0,-95,1,6,1,11548-1 12 -1 12 -1 12 0 12 -2 13 -2 12 -2 12 -2 0 0 0 0 0 0 0 0 0 0 ]
2025-10-31T11:01:45.547,CSI_DATA,AP,24:0A:C4:02:64:2C,-24,11,1,7,1,1,1,1,0,0,0,-95,1,6,1,1154876428,0,84,0,0,1155.08,384,[84 -64 4 0 0 0 0 0 0 0 0 0 15 2 16 3 15 3 16 4 15 4 15 5 15 4 15 6 13 6 14 5 14 4 13 5 13 7 14 7 14 7 12 7 13 7 11 5 12 7 12 6 12 7 11 6 12 5 12 4 11 5 11 5 0 0 12 4 11 5 12 5 10 3 11 4 11CSI_DATA,AP,24:0A:C:64:2C,-24,11,1,7,1,1,1,1,0,0,0,-95,1,6,1,11548-1 12 -1 12 -1 12 0 12 -2 13 -2 12 -2 12 -2 0 0 0 0 0 0 0 0 0 0 ]
2025-10-31T11:01:45.573,CSI_DATA,AP,24:0A:C4:02:64:2C,-24,11,1,7,1,1,1,1,0,0,0,-95,1,6,1,1154876428,0,84,0,0,1155.08,384,[84 -64 4 0 0 0 0 0 0 0 0 0 15 2 16 3 15 3 16 4 15 4 15 5 15 4 15 6 13 6 14 5 14 4 13 5 13 7 14 7 14 7 12 7 13 7 11 5 12 7 12 6 12 7 11 6 12 5 12 4 11 5 11 5 0 0 12 4 11 5 12 5 10 3 11 4 11CSI_DATA,AP,24:0A:C:64:2C,-24,11,1,7,1,1,1,1,0,0,0,-95,1,6,1,11548-1 12 -1 12 -1 12 0 12 -2 13 -2 12 -2 12 -2 0 0 0 0 0 0 0 0 0 0 ]
2025-10-31T11:01:45.601,CSI_DATA,AP,24:0A:C4:02:64:2C,-24,11,1,7,1,1,1,1,0,0,0,-95,1,6,1,1154876428,0,84,0,0,1155.08,384,[84 -64 4 0 0 0 0 0 0 0 0 0 15 2 16 3 15 3 16 4 15 4 15 5 15 4 15 6 13 6 14 5 14 4 13 5 13 7 14 7 14 7 12 7 13 7 11 5 12 7 12 6 12 7 11 6 12 5 12 4 11 5 11 5 0 0 12 4 11 5 12 5 10 3 11 4 11CSI_DATA,AP,24:0A:C:64:2C,-24,11,1,7,1,1,1,1,0,0,0,-95,1,6,1,11548-1 12 -1 12 -1 12 0 12 -2 13 -2 12 -2 12 -2 0 0 0 0 0 0 0 0 0 0 ]
2025-10-31T11:01:45.623,CSI_DATA,AP,24:0A:C4:02:64:2C,-24,11,1,7,1,1,1,1,0,0,0,-95,1,6,1,1154876428,0,84,0,0,1155.08,384,[84 -64 4 0 0 0 0 0 0 0 0 0 15 2 16 3 15 3 16 4 15 4 15 5 15 4 15 6 13 6 14 5 14 4 13 5 13 7 14 7 14 7 12 7 13 7 11 5 12 7 12 6 12 7 11 6 12 5 12 4 11 5 11 5 0 0 12 4 11 5 12 5 10 3 11 4 11CSI_DATA,AP,24:0A:C:64:2C,-24,11,1,7,1,1,1,1,0,0,0,-95,1,6,1,11548-1 12 -1 12 -1 12 0 12 -2 13 -2 12 -2 12 -2 0 0 0 0 0 0 0 0 0 0 ]
2025-10-31T11:01:45.654,CSI_DATA,AP,24:0A:C4:02:64:2C,-24,11,1,7,1,1,1,1,0,0,0,-95,1,6,1,1154876428,0,84,0,0,1155.08,384,[84 -64 4 0 0 0 0 0 0 0 0 0 15 2 16 3 15 3 16 4 15 4 15 5 15 4 15 6 13 6 14 5 14 4 13 5 13 7 14 7 14 7 12 7 13 7 11 5 12 7 12 6 12 7 11 6 12 5 12 4 11 5 11 5 0 0 12 4 11 5 12 5 10 3 11 4 11CSI_DATA,AP,24:0A:C:64:2C,-24,11,1,7,1,1,1,1,0,0,0,-95,1,6,1,11548-1 12 -1 12 -1 12 0 12 -2 13 -2 12 -2 12 -2 0 0 0 0 0 0 0 0 0 0 ]
2025-10-31T11:01:45.674,CSI_DATA,AP,24:0A:C4:02:64:2C,-24,11,1,7,1,1,1,1,0,0,0,-95,1,6,1,1154876428,0,84,0,0,1155.08,384,[84 -64 4 0 0 0 0 0 0 0 0 0 15 2 16 3 15 3 16 4 15 4 15 5 15 4 15 6 13 6 14 5 14 4 13 5 13 7 14 7 14 7 12 7 13 7 11 5 12 7 12 6 12 7 11 6 12 5 12 4 11 5 11 5 0 0 12 4 11 5 12 5 10 3 11 4 11CSI_DATA,AP,24:0A:C:64:2C,-24,11,1,7,1,1,1,1,0,0,0,-95,1,6,1,11548-1 12 -1 12 -1 12 0 12 -2 13 -2 12 -2 12 -2 0 0 0 0 0 0 0 0 0 0 ]
2025-10-31T11:01:45.706,CSI_DATA,AP,24:0A:C4:02:64:2C,-24,11,1,7,1,1,1,1,0,0,0,-95,1,6,1,1154876428,0,84,0,0,1155.08,384,[84 -64 4 0 0 0 0 0 0 0 0 0 15 2 16 3 15 3 16 4 15 4 15 5 15 4 15 6 13 6 14 5 14 4 13 5 13 7 14 7 14 7 12 7 13 7 11 5 12 7 12 6 12 7 11 6 12 5 12 4 11 5 11 5 0 0 12 4 11 5 12 5 10 3 11 4 11CSI_DATA,AP,24:0A:C:64:2C,-24,11,1,7,1,1,1,1,0,0,0,-95,1,6,1,11548-1 12 -1 12 -1 12 0 12 -2 13 -2 12 -2 12 -2 0 0 0 0 0 0 0 0 0 0 ]
2025-10-31T11:01:45.725,CSI_DATA,AP,24:0A:C4:02:64:2C,-24,11,1,7,1,1,1,1,0,0,0,-95,1,6,1,1154876428,0,84,0,0,1155.08,384,[84 -64 4 0 0 0 0 0 0 0 0 0 15 2 16 3 15 3 16 4 15 4 15 5 15 4 15 6 13 6 14 5 14 4 13 5 13 7 14 7 14 7 12 7 13 7 11 5 12 7 12 6 12 7 11 6 12 5 12 4 11 5 11 5 0 0 12 4 11 5 12 5 10 3 11 4 11CSI_DATA,AP,24:0A:C:64:2C,-24,11,1,7,1,1,1,1,0,0,0,-95,1,6,1,11548-1 12 -1 12 -1 12 0 12 -2 13 -2 12 -2 12 -2 0 0 0 0 0 0 0 0 0 0 ]
2025-10-31T11:01:45.757,CSI_DATA,AP,24:0A:C4:02:64:2C,-24,11,1,7,1,1,1,1,0,0,0,-95,1,6,1,1154876428,0,84,0,0,1155.08,384,[84 -64 4 0 0 0 0 0 0 0 0 0 15 2 16 3 15 3 16 4 15 4 15 5 15 4 15 6 13 6 14 5 14 4 13 5 13 7 14 7 14 7 12 7 13 7 11 5 12 7 12 6 12 7 11 6 12 5 12 4 11 5 11 5 0 0 12 4 11 5 12 5 10 3 11 4 11CSI_DATA,AP,24:0A:C:64:2C,-24,11,1,7,1,1,1,1,0,0,0,-95,1,6,1,11548-1 12 -1 12 -1 12 0 12 -2 13 -2 12 -2 12 -2 0 0 0 0 0 0 0 0 0 0 ]
2025-10-31T11:01:45.779,CSI_DATA,AP,24:0A:C4:02:64:2C,-24,11,1,7,1,1,1,1,0,0,0,-95,1,6,1,1154876428,0,84,0,0,1155.08,384,[84 -64 4 0 0 0 0 0 0 0 0 0 15 2 16 3 15 3 16 4 15 4 15 5 15 4 15 6 13 6 14 5 14 4 13 5 13 7 14 7 14 7 12 7 13 7 11 5 12 7 12 6 12 7 11 6 12 5 12 4 11 5 11 5 0 0 12 4 11 5 12 5 10 3 11 4 11CSI_DATA,AP,24:0A:C:64:2C,-24,11,1,7,1,1,1,1,0,0,0,-95,1,6,1,11548-1 12 -1 12 -1 12 0 12 -2 13 -2 12 -2 12 -2 0 0 0 0 0 0 0 0 0 0 ]
2025-10-31T11:01:45.810,CSI_DATA,AP,24:0A:C4:02:64:2C,-24,11,1,7,1,1,1,1,0,0,0,-95,1,6,1,1154876428,0,84,0,0,1155.08,384,[84 -64 4 0 0 0 0 0 0 0 0 0 15 2 16 3 15 3 16 4 15 4 15 5 15 4 15 6 13 6 14 5 14 4 13 5 13 7 14 7 14 7 12 7 13 7 11 5 12 7 12 6 12 7 11 6 12 5 12 4 11 5 11 5 0 0 12 4 11 5 12 5 10 3 11 4 11CSI_DATA,AP,24:0A:C:64:2C,-24,11,1,7,1,1,1,1,0,0,0,-95,1,6,1,11548-1 12 -1 12 -1 12 0 12 -2 13 -2 12 -2 12 -2 0 0 0 0 0 0 0 0 0 0 ]
2025-10-31T11:01:45.830,CSI_DATA,AP,24:0A:C4:02:64:2C,-24,11,1,7,1,1,1,1,0,0,0,-95,1,6,1,1154876428,0,84,0,0,1155.08,384,[84 -64 4 0 0 0 0 0 0 0 0 0 15 2 16 3 15 3 16 4 15 4 15 5 15 4 15 6 13 6 14 5 14 4 13 5 13 7 14 7 14 7 12 7 13 7 11 5 12 7 12 6 12 7 11 6 12 5 12 4 11 5 11 5 0 0 12 4 11 5 12 5 10 3 11 4 11CSI_DATA,AP,24:0A:C:64:2C,-24,11,1,7,1,1,1,1,0,0,0,-95,1,6,1,11548-1 12 -1 12 -1 12 0 12 -2 13 -2 12 -2 12 -2 0 0 0 0 0 0 0 0 0 0 ]
2025-10-31T11:01:45.863,CSI_DATA,AP,24:0A:C4:02:64:2C,-24,11,1,7,1,1,1,1,0,0,0,-95,1,6,1,1154876428,0,84,0,0,1155.08,384,[84 -64 4 0 0 0 0 0 0 0 0 0 15 2 16 3 15 3 16 4 15 4 15 5 15 4 15 6 13 6 14 5 14 4 13 5 13 7 14 7 14 7 12 7 13 7 11 5 12 7 12 6 12 7 11 6 12 5 12 4 11 5 11 5 0 0 12 4 11 5 12 5 10 3 11 4 11CSI_DATA,AP,24:0A:C:64:2C,-24,11,1,7,1,1,1,1,0,0,0,-95,1,6,1,11548-1 12 -1 12 -1 12 0 12 -2 13 -2 12 -2 12 -2 0 0 0 0 0 0 0 0 0 0 ]
2025-10-31T11:01:45.901,CSI_DATA,AP,24:0A:C4:02:64:2C,-24,11,1,7,1,1,1,1,0,0,0,-95,1,6,1,1154876428,0,84,0,0,1155.08,384,[84 -64 4 0 0 0 0 0 0 0 0 0 15 2 16 3 15 3 16 4 15 4 15 5 15 4 15 6 13 6 14 5 14 4 13 5 13 7 14 7 14 7 12 7 13 7 11 5 12 7 12 6 12 7 11 6 12 5 12 4 11 5 11 5 0 0 12 4 11 5 12 5 10 3 11 4 11CSI_DATA,AP,24:0A:C:64:2C,-24,11,1,7,1,1,1,1,0,0,0,-95,1,6,1,11548-1 12 -1 12 -1 12 0 12 -2 13 -2 12 -2 12 -2 0 0 0 0 0 0 0 0 0 0 ]
2025-10-31T11:01:45.924,CSI_DATA,AP,24:0A:C4:02:64:2C,-24,11,1,7,1,1,1,1,0,0,0,-95,1,6,1,1154876428,0,84,0,0,1155.08,384,[84 -64 4 0 0 0 0 0 0 0 0 0 15 2 16 3 15 3 16 4 15 4 15 5 15 4 15 6 13 6 14 5 14 4 13 5 13 7 14 7 14 7 12 7 13 7 11 5 12 7 12 6 12 7 11 6 12 5 12 4 11 5 11 5 0 0 12 4 11 5 12 5 10 3 11 4 11CSI_DATA,AP,24:0A:C:64:2C,-24,11,1,7,1,1,1,1,0,0,0,-95,1,6,1,11548-1 12 -1 12 -1 12 0 12 -2 13 -2 12 -2 12 -2 0 0 0 0 0 0 0 0 0 0 ]
2025-10-31T11:01:45.957,CSI_DATA,AP,24:0A:C4:02:64:2C,-24,11,1,7,1,1,1,1,0,0,0,-95,1,6,1,1154876428,0,84,0,0,1155.08,384,[84 -64 4 0 0 0 0 0 0 0 0 0 15 2 16 3 15 3 16 4 15 4 15 5 15 4 15 6 13 6 14 5 14 4 13 5 13 7 14 7 14 7 12 7 13 7 11 5 12 7 12 6 12 7 11 6 12 5 12 4 11 5 11 5 0 0 12 4 11 5 12 5 10 3 11 4 11CSI_DATA,AP,24:0A:C:64:2C,-24,11,1,7,1,1,1,1,0,0,0,-95,1,6,1,11548-1 12 -1 12 -1 12 0 12 -2 13 -2 12 -2 12 -2 0 0 0 0 0 0 0 0 0 0 ]
2025-10-31T11:01:45.981,CSI_DATA,AP,24:0A:C4:02:64:2C,-24,11,1,7,1,1,1,1,0,0,0,-95,1,6,1,1154876428,0,84,0,0,1155.08,384,[84 -64 4 0 0 0 0 0 0 0 0 0 15 2 16 3 15 3 16 4 15 4 15 5 15 4 15 6 13 6 14 5 14 4 13 5 13 7 14 7 14 7 12 7 13 7 11 5 12 7 12 6 12 7 11 6 12 5 12 4 11 5 11 5 0 0 12 4 11 5 12 5 10 3 11 4 11CSI_DATA,AP,24:0A:C:64:2C,-24,11,1,7,1,1,1,1,0,0,0,-95,1,6,1,11548-1 12 -1 12 -1 12 0 12 -2 13 -2 12 -2 12 -2 0 0 0 0 0 0 0 0 0 0 ]
2025-10-31T11:01:46.009,CSI_DATA,AP,24:0A:C4:02:64:2C,-24,11,1,7,1,1,1,1,0,0,0,-95,1,6,1,1154876428,0,84,0,0,1155.08,384,[84 -64 4 0 0 0 0 0 0 0 0 0 15 2 16 3 15 3 16 4 15 4 15 5 15 4 15 6 13 6 14 5 14 4 13 5 13 7 14 7 14 7 12 7 13 7 11 5 12 7 12 6 12 7 11 6 12 5 12 4 11 5 11 5 0 0 12 4 11 5 12 5 10 3 11 4 11CSI_DATA,AP,24:0A:C:64:2C,-24,11,1,7,1,1,1,1,0,0,0,-95,1,6,1,11548-1 12 -1 12 -1 12 0 12 -2 13 -2 12 -2 12 -2 0 0 0 0 0 0 0 0 0 0 ]
2025-10-31T11:01:46.032,CSI_DATA,AP,24:0A:C4:02:64:2C,-24,11,1,7,1,1,1,1,0,0,0,-95,1,6,1,1154876428,0,84,0,0,1155.08,384,[84 -64 4 0 0 0 0 0 0 0 0 0 15 2 16 3 15 3 16 4 15 4 15 5 15 4 15 6 13 6 14 5 14 4 13 5 13 7 14 7 14 7 12 7 13 7 11 5 12 7 12 6 12 7 11 6 12 5 12 4 11 5 11 5 0 0 12 4 11 5 12 5 10 3 11 4 11CSI_DATA,AP,24:0A:C:64:2C,-24,11,1,7,1,1,1,1,0,0,0,-95,1,6,1,11548-1 12 -1 12 -1 12 0 12 -2 13 -2 12 -2 12 -2 0 0 0 0 0 0 0 0 0 0 ]
2025-10-31T11:01:46.064,CSI_DATA,AP,24:0A:C4:02:64:2C,-24,11,1,7,1,1,1,1,0,0,0,-95,1,6,1,1154876428,0,84,0,0,1155.08,384,[84 -64 4 0 0 0 0 0 0 0 0 0 15 2 16 3 15 3 16 4 15 4 15 5 15 4 15 6 13 6 14 5 14 4 13 5 13 7 14 7 14 7 12 7 13 7 11 5 12 7 12 6 12 7 11 6 12 5 12 4 11 5 11 5 0 0 12 4 11 5 12 5 10 3 11 4 11CSI_DATA,AP,24:0A:C:64:2C,-24,11,1,7,1,1,1,1,0,0,0,-95,1,6,1,11548-1 12 -1 12 -1 12 0 12 -2 13 -2 12 -2 12 -2 0 0 0 0 0 0 0 0 0 0 ]
2025-10-31T11:01:46.092,CSI_DATA,AP,24:0A:C4:02:64:2C,-24,11,1,7,1,1,1,1,0,0,0,-95,1,6,1,1154876428,0,84,0,0,1155.08,384,[84 -64 4 0 0 0 0 0 0 0 0 0 15 2 16 3 15 3 16 4 15 4 15 5 15 4 15 6 13 6 14 5 14 4 13 5 13 7 14 7 14 7 12 7 13 7 11 5 12 7 12 6 12 7 11 6 12 5 12 4 11 5 11 5 0 0 12 4 11 5 12 5 10 3 11 4 11CSI_DATA,AP,24:0A:C:64:2C,-24,11,1,7,1,1,1,1,0,0,0,-95,1,6,1,11548-1 12 -1 12 -1 12 0 12 -2 13 -2 12 -2 12 -2 0 0 0 0 0 0 0 0 0 0 ]
2025-10-31T11:01:46.114,CSI_DATA,AP,24:0A:C4:02:64:2C,-24,11,1,7,1,1,1,1,0,0,0,-95,1,6,1,1154876428,0,84,0,0,1155.08,384,[84 -64 4 0 0 0 0 0 0 0 0 0 15 2 16 3 15 3 16 4 15 4 15 5 15 4 15 6 13 6 14 5 14 4 13 5 13 7 14 7 14 7 12 7 13 7 11 5 12 7 12 6 12 7 11 6 12 5 12 4 11 5 11 5 0 0 12 4 11 5 12 5 10 3 11 4 11CSI_DATA,AP,24:0A:C:64:2C,-24,11,1,7,1,1,1,1,0,0,0,-95,1,6,1,11548-1 12 -1 12 -1 12 0 12 -2 13 -2 12 -2 12 -2 0 0 0 0 0 0 0 0 0 0 ]
2025-10-31T11:01:46.144,CSI_DATA,AP,24:0A:C4:02:64:2C,-24,11,1,7,1,1,1,1,0,0,0,-95,1,6,1,1154876428,0,84,0,0,1155.08,384,[84 -64 4 0 0 0 0 0 0 0 0 0 15 2 16 3 15 3 16 4 15 4 15 5 15 4 15 6 13 6 14 5 14 4 13 5 13 7 14 7 14 7 12 7 13 7 11 5 12 7 12 6 12 7 11 6 12 5 12 4 11 5 11 5 0 0 12 4 11 5 12 5 10 3 11 4 11CSI_DATA,AP,24:0A:C:64:2C,-24,11,1,7,1,1,1,1,0,0,0,-95,1,6,1,11548-1 12 -1 12 -1 12 0 12 -2 13 -2 12 -2 12 -2 0 0 0 0 0 0 0 0 0 0 ]
2025-10-31T11:01:46.165,CSI_DATA,AP,24:0A:C4:02:64:2C,-24,11,1,7,1,1,1,1,0,0,0,-95,1,6,1,1154876428,0,84,0,0,1155.08,384,[84 -64 4 0 0 0 0 0 0 0 0 0 15 2 16 3 15 3 16 4 15 4 15 5 15 4 15 6 13 6 14 5 14 4 13 5 13 7 14 7 14 7 12 7 13 7 11 5 12 7 12 6 12 7 11 6 12 5 12 4 11 5 11 5 0 0 12 4 11 5 12 5 10 3 11 4 11CSI_DATA,AP,24:0A:C:64:2C,-24,11,1,7,1,1,1,1,0,0,0,-95,1,6,1,11548-1 12 -1 12 -1 12 0 12 -2 13 -2 12 -2 12 -2 0 0 0 0 0 0 0 0 0 0 ]
2025-10-31T11:01:46.190,CSI_DATA,AP,24:0A:C4:02:64:2C,-24,11,1,7,1,1,1,1,0,0,0,-95,1,6,1,1154876428,0,84,0,0,1155.08,384,[84 -64 4 0 0 0 0 0 0 0 0 0 15 2 16 3 15 3 16 4 15 4 15 5 15 4 15 6 13 6 14 5 14 4 13 5 13 7 14 7 14 7 12 7 13 7 11 5 12 7 12 6 12 7 11 6 12 5 12 4 11 5 11 5 0 0 12 4 11 5 12 5 10 3 11 4 11CSI_DATA,AP,24:0A:C:64:2C,-24,11,1,7,1,1,1,1,0,0,0,-95,1,6,1,11548-1 12 -1 12 -1 12 0 12 -2 13 -2 12 -2 12 -2 0 0 0 0 0 0 0 0 0 0 ]
2025-10-31T11:01:46.210,CSI_DATA,AP,24:0A:C4:02:64:2C,-24,11,1,7,1,1,1,1,0,0,0,-95,1,6,1,1154876428,0,84,0,0,1155.08,384,[84 -64 4 0 0 0 0 0 0 0 0 0 15 2 16 3 15 3 16 4 15 4 15 5 15 4 15 6 13 6 14 5 14 4 13 5 13 7 14 7 14 7 12 7 13 7 11 5 12 7 12 6 12 7 11 6 12 5 12 4 11 5 11 5 0 0 12 4 11 5 12 5 10 3 11 4 11CSI_DATA,AP,24:0A:C:64:2C,-24,11,1,7,1,1,1,1,0,0,0,-95,1,6,1,11548-1 12 -1 12 -1 12 0 12 -2 13 -2 12 -2 12 -2 0 0 0 0 0 0 0 0 0 0 ]
2025-10-31T11:01:46.244,CSI_DATA,AP,24:0A:C4:02:64:2C,-24,11,1,7,1,1,1,1,0,0,0,-95,1,6,1,1154876428,0,84,0,0,1155.08,384,[84 -64 4 0 0 0 0 0 0 0 0 0 15 2 16 3 15 3 16 4 15 4 15 5 15 4 15 6 13 6 14 5 14 4 13 5 13 7 14 7 14 7 12 7 13 7 11 5 12 7 12 6 12 7 11 6 12 5 12 4 11 5 11 5 0 0 12 4 11 5 12 5 10 3 11 4 11CSI_DATA,AP,24:0A:C:64:2C,-24,11,1,7,1,1,1,1,0,0,0,-95,1,6,1,11548-1 12 -1 12 -1 12 0 12 -2 13 -2 12 -2 12 -2 0 0 0 0 0 0 0 0 0 0 ]
2025-10-31T11:01:46.272,CSI_DATA,AP,24:0A:C4:02:64:2C,-24,11,1,7,1,1,1,1,0,0,0,-95,1,6,1,1154876428,0,84,0,0,1155.08,384,[84 -64 4 0 0 0 0 0 0 0 0 0 15 2 16 3 15 3 16 4 15 4 15 5 15 4 15 6 13 6 14 5 14 4 13 5 13 7 14 7 14 7 12 7 13 7 11 5 12 7 12 6 12 7 11 6 12 5 12 4 11 5 11 5 0 0 12 4 11 5 12 5 10 3 11 4 11CSI_DATA,AP,24:0A:C:64:2C,-24,11,1,7,1,1,1,1,0,0,0,-95,1,6,1,11548-1 12 -1 12 -1 12 0 12 -2 13 -2 12 -2 12 -2 0 0 0 0 0 0 0 0 0 0 ]
2025-10-31T11:01:46.290,CSI_DATA,AP,24:0A:C4:02:64:2C,-24,11,1,7,1,1,1,1,0,0,0,-95,1,6,1,1154876428,0,84,0,0,1155.08,384,[84 -64 4 0 0 0 0 0 0 0 0 0 15 2 16 3 15 3 16 4 15 4 15 5 15 4 15 6 13 6 14 5 14 4 13 5 13 7 14 7 14 7 12 7 13 7 11 5 12 7 12 6 12 7 11 6 12 5 12 4 11 5 11 5 0 0 12 4 11 5 12 5 10 3 11 4 11CSI_DATA,AP,24:0A:C:64:2C,-24,11,1,7,1,1,1,1,0,0,0,-95,1,6,1,11548-1 12 -1 12 -1 12 0 12 -2 13 -2 12 -2 12 -2 0 0 0 0 0 0 0 0 0 0 ]
2025-10-31T11:01:46.319,CSI_DATA,AP,24:0A:C4:02:64:2C,-24,11,1,7,1,1,1,1,0,0,0,-95,1,6,1,1154876428,0,84,0,0,1155.08,384,[84 -64 4 0 0 0 0 0 0 0 0 0 15 2 16 3 15 3 16 4 15 4 15 5 15 4 15 6 13 6 14 5 14 4 13 5 13 7 14 7 14 7 12 7 13 7 11 5 12 7 12 6 12 7 11 6 12 5 12 4 11 5 11 5 0 0 12 4 11 5 12 5 10 3 11 4 11CSI_DATA,AP,24:0A:C:64:2C,-24,11,1,7,1,1,1,1,0,0,0,-95,1,6,1,11548-1 12 -1 12 -1 12 0 12 -2 13 -2 12 -2 12 -2 0 0 0 0 0 0 0 0 0 0 ]
2025-10-31T11:01:46.342,CSI_DATA,AP,24:0A:C4:02:64:2C,-24,11,1,7,1,1,1,1,0,0,0,-95,1,6,1,1154876428,0,84,0,0,1155.08,384,[84 -64 4 0 0 0 0 0 0 0 0 0 15 2 16 3 15 3 16 4 15 4 15 5 15 4 15 6 13 6 14 5 14 4 13 5 13 7 14 7 14 7 12 7 13 7 11 5 12 7 12 6 12 7 11 6 12 5 12 4 11 5 11 5 0 0 12 4 11 5 12 5 10 3 11 4 11CSI_DATA,AP,24:0A:C:64:2C,-24,11,1,7,1,1,1,1,0,0,0,-95,1,6,1,11548-1 12 -1 12 -1 12 0 12 -2 13 -2 12 -2 12 -2 0 0 0 0 0 0 0 0 0 0 ]
2025-10-31T11:01:46.362,CSI_DATA,AP,24:0A:C4:02:64:2C,-24,11,1,7,1,1,1,1,0,0,0,-95,1,6,1,1154876428,0,84,0,0,1155.08,384,[84 -64 4 0 0 0 0 0 0 0 0 0 15 2 16 3 15 3 16 4 15 4 15 5 15 4 15 6 13 6 14 5 14 4 13 5 13 7 14 7 14 7 12 7 13 7 11 5 12 7 12 6 12 7 11 6 12 5 12 4 11 5 11 5 0 0 12 4 11 5 12 5 10 3 11 4 11CSI_DATA,AP,24:0A:C:64:2C,-24,11,1,7,1,1,1,1,0,0,0,-95,1,6,1,11548-1 12 -1 12 -1 12 0 12 -2 13 -2 12 -2 12 -2 0 0 0 0 0 0 0 0 0 0 ]
2025-10-31T11:01:46.394,CSI_DATA,AP,24:0A:C4:02:64:2C,-24,11,1,7,1,1,1,1,0,0,0,-95,1,6,1,1154876428,0,84,0,0,1155.08,384,[84 -64 4 0 0 0 0 0 0 0 0 0 15 2 16 3 15 3 16 4 15 4 15 5 15 4 15 6 13 6 14 5 14 4 13 5 13 7 14 7 14 7 12 7 13 7 11 5 12 7 12 6 12 7 11 6 12 5 12 4 11 5 11 5 0 0 12 4 11 5 12 5 10 3 11 4 11CSI_DATA,AP,24:0A:C:64:2C,-24,11,1,7,1,1,1,1,0,0,0,-95,1,6,1,11548-1 12 -1 12 -1 12 0 12 -2 13 -2 12 -2 12 -2 0 0 0 0 0 0 0 0 0 0 ]
2025-10-31T11:01:46.415,CSI_DATA,AP,24:0A:C4:02:64:2C,-24,11,1,7,1,1,1,1,0,0,0,-95,1,6,1,1154876428,0,84,0,0,1155.08,384,[84 -64 4 0 0 0 0 0 0 0 0 0 15 2 16 3 15 3 16 4 15 4 15 5 15 4 15 6 13 6 14 5 14 4 13 5 13 7 14 7 14 7 12 7 13 7 11 5 12 7 12 6 12 7 11 6 12 5 12 4 11 5 11 5 0 0 12 4 11 5 12 5 10 3 11 4 11CSI_DATA,AP,24:0A:C:64:2C,-24,11,1,7,1,1,1,1,0,0,0,-95,1,6,1,11548-1 12 -1 12 -1 12 0 12 -2 13 -2 12 -2 12 -2 0 0 0 0 0 0 0 0 0 0 ]
2025-10-31T11:01:46.437,CSI_DATA,AP,24:0A:C4:02:64:2C,-24,11,1,7,1,1,1,1,0,0,0,-95,1,6,1,1154876428,0,84,0,0,1155.08,384,[84 -64 4 0 0 0 0 0 0 0 0 0 15 2 16 3 15 3 16 4 15 4 15 5 15 4 15 6 13 6 14 5 14 4 13 5 13 7 14 7 14 7 12 7 13 7 11 5 12 7 12 6 12 7 11 6 12 5 12 4 11 5 11 5 0 0 12 4 11 5 12 5 10 3 11 4 11CSI_DATA,AP,24:0A:C:64:2C,-24,11,1,7,1,1,1,1,0,0,0,-95,1,6,1,11548-1 12 -1 12 -1 12 0 12 -2 13 -2 12 -2 12 -2 0 0 0 0 0 0 0 0 0 0 ]
2025-10-31T11:01:46.457,CSI_DATA,AP,24:0A:C4:02:64:2C,-24,11,1,7,1,1,1,1,0,0,0,-95,1,6,1,1154876428,0,84,0,0,1155.08,384,[84 -64 4 0 0 0 0 0 0 0 0 0 15 2 16 3 15 3 16 4 15 4 15 5 15 4 15 6 13 6 14 5 14 4 13 5 13 7 14 7 14 7 12 7 13 7 11 5 12 7 12 6 12 7 11 6 12 5 12 4 11 5 11 5 0 0 12 4 11 5 12 5 10 3 11 4 11CSI_DATA,AP,24:0A:C:64:2C,-24,11,1,7,1,1,1,1,0,0,0,-95,1,6,1,11548-1 12 -1 12 -1 12 0 12 -2 13 -2 12 -2 12 -2 0 0 0 0 0 0 0 0 0 0 ]
2025-10-31T11:01:46.475,CSI_DATA,AP,24:0A:C4:02:64:2C,-24,11,1,7,1,1,1,1,0,0,0,-95,1,6,1,1154876428,0,84,0,0,1155.08,384,[84 -64 4 0 0 0 0 0 0 0 0 0 15 2 16 3 15 3 16 4 15 4 15 5 15 4 15 6 13 6 14 5 14 4 13 5 13 7 14 7 14 7 12 7 13 7 11 5 12 7 12 6 12 7 11 6 12 5 12 4 11 5 11 5 0 0 12 4 11 5 12 5 10 3 11 4 11CSI_DATA,AP,24:0A:C:64:2C,-24,11,1,7,1,1,1,1,0,0,0,-95,1,6,1,11548-1 12 -1 12 -1 12 0 12 -2 13 -2 12 -2 12 -2 0 0 0 0 0 0 0 0 0 0 ]
2025-10-31T11:01:46.512,CSI_DATA,AP,24:0A:C4:02:64:2C,-24,11,1,7,1,1,1,1,0,0,0,-95,1,6,1,1154876428,0,84,0,0,1155.08,384,[84 -64 4 0 0 0 0 0 0 0 0 0 15 2 16 3 15 3 16 4 15 4 15 5 15 4 15 6 13 6 14 5 14 4 13 5 13 7 14 7 14 7 12 7 13 7 11 5 12 7 12 6 12 7 11 6 12 5 12 4 11 5 11 5 0 0 12 4 11 5 12 5 10 3 11 4 11CSI_DATA,AP,24:0A:C:64:2C,-24,11,1,7,1,1,1,1,0,0,0,-95,1,6,1,11548-1 12 -1 12 -1 12 0 12 -2 13 -2 12 -2 12 -2 0 0 0 0 0 0 0 0 0 0 ]
2025-10-31T11:01:46.528,CSI_DATA,AP,24:0A:C4:02:64:2C,-24,11,1,7,1,1,1,1,0,0,0,-95,1,6,1,1154876428,0,84,0,0,1155.08,384,[84 -64 4 0 0 0 0 0 0 0 0 0 15 2 16 3 15 3 16 4 15 4 15 5 15 4 15 6 13 6 14 5 14 4 13 5 13 7 14 7 14 7 12 7 13 7 11 5 12 7 12 6 12 7 11 6 12 5 12 4 11 5 11 5 0 0 12 4 11 5 12 5 10 3 11 4 11CSI_DATA,AP,24:0A:C:64:2C,-24,11,1,7,1,1,1,1,0,0,0,-95,1,6,1,11548-1 12 -1 12 -1 12 0 12 -2 13 -2 12 -2 12 -2 0 0 0 0 0 0 0 0 0 0 ]
2025-10-31T11:01:46.543,CSI_DATA,AP,24:0A:C4:02:64:2C,-24,11,1,7,1,1,1,1,0,0,0,-95,1,6,1,1154876428,0,84,0,0,1155.08,384,[84 -64 4 0 0 0 0 0 0 0 0 0 15 2 16 3 15 3 16 4 15 4 15 5 15 4 15 6 13 6 14 5 14 4 13 5 13 7 14 7 14 7 12 7 13 7 11 5 12 7 12 6 12 7 11 6 12 5 12 4 11 5 11 5 0 0 12 4 11 5 12 5 10 3 11 4 11CSI_DATA,AP,24:0A:C:64:2C,-24,11,1,7,1,1,1,1,0,0,0,-95,1,6,1,11548-1 12 -1 12 -1 12 0 12 -2 13 -2 12 -2 12 -2 0 0 0 0 0 0 0 0 0 0 ]
2025-10-31T11:01:46.574,CSI_DATA,AP,24:0A:C4:02:64:2C,-24,11,1,7,1,1,1,1,0,0,0,-95,1,6,1,1154876428,0,84,0,0,1155.08,384,[84 -64 4 0 0 0 0 0 0 0 0 0 15 2 16 3 15 3 16 4 15 4 15 5 15 4 15 6 13 6 14 5 14 4 13 5 13 7 14 7 14 7 12 7 13 7 11 5 12 7 12 6 12 7 11 6 12 5 12 4 11 5 11 5 0 0 12 4 11 5 12 5 10 3 11 4 11CSI_DATA,AP,24:0A:C:64:2C,-24,11,1,7,1,1,1,1,0,0,0,-95,1,6,1,11548-1 12 -1 12 -1 12 0 12 -2 13 -2 12 -2 12 -2 0 0 0 0 0 0 0 0 0 0 ]
2025-10-31T11:01:46.590,CSI_DATA,AP,24:0A:C4:02:64:2C,-24,11,1,7,1,1,1,1,0,0,0,-95,1,6,1,1154876428,0,84,0,0,1155.08,384,[84 -64 4 0 0 0 0 0 0 0 0 0 15 2 16 3 15 3 16 4 15 4 15 5 15 4 15 6 13 6 14 5 14 4 13 5 13 7 14 7 14 7 12 7 13 7 11 5 12 7 12 6 12 7 11 6 12 5 12 4 11 5 11 5 0 0 12 4 11 5 12 5 10 3 11 4 11CSI_DATA,AP,24:0A:C:64:2C,-24,11,1,7,1,1,1,1,0,0,0,-95,1,6,1,11548-1 12 -1 12 -1 12 0 12 -2 13 -2 12 -2 12 -2 0 0 0 0 0 0 0 0 0 0 ]
2025-10-31T11:01:46.623,CSI_DATA,AP,24:0A:C4:02:64:2C,-24,11,1,7,1,1,1,1,0,0,0,-95,1,6,1,1154876428,0,84,0,0,1155.08,384,[84 -64 4 0 0 0 0 0 0 0 0 0 15 2 16 3 15 3 16 4 15 4 15 5 15 4 15 6 13 6 14 5 14 4 13 5 13 7 14 7 14 7 12 7 13 7 11 5 12 7 12 6 12 7 11 6 12 5 12 4 11 5 11 5 0 0 12 4 11 5 12 5 10 3 11 4 11CSI_DATA,AP,24:0A:C:64:2C,-24,11,1,7,1,1,1,1,0,0,0,-95,1,6,1,11548-1 12 -1 12 -1 12 0 12 -2 13 -2 12 -2 12 -2 0 0 0 0 0 0 0 0 0 0 ]
2025-10-31T11:01:46.644,CSI_DATA,AP,24:0A:C4:02:64:2C,-24,11,1,7,1,1,1,1,0,0,0,-95,1,6,1,1154876428,0,84,0,0,1155.08,384,[84 -64 4 0 0 0 0 0 0 0 0 0 15 2 16 3 15 3 16 4 15 4 15 5 15 4 15 6 13 6 14 5 14 4 13 5 13 7 14 7 14 7 12 7 13 7 11 5 12 7 12 6 12 7 11 6 12 5 12 4 11 5 11 5 0 0 12 4 11 5 12 5 10 3 11 4 11CSI_DATA,AP,24:0A:C:64:2C,-24,11,1,7,1,1,1,1,0,0,0,-95,1,6,1,11548-1 12 -1 12 -1 12 0 12 -2 13 -2 12 -2 12 -2 0 0 0 0 0 0 0 0 0 0 ]
2025-10-31T11:01:46.668,CSI_DATA,AP,24:0A:C4:02:64:2C,-24,11,1,7,1,1,1,1,0,0,0,-95,1,6,1,1154876428,0,84,0,0,1155.08,384,[84 -64 4 0 0 0 0 0 0 0 0 0 15 2 16 3 15 3 16 4 15 4 15 5 15 4 15 6 13 6 14 5 14 4 13 5 13 7 14 7 14 7 12 7 13 7 11 5 12 7 12 6 12 7 11 6 12 5 12 4 11 5 11 5 0 0 12 4 11 5 12 5 10 3 11 4 11CSI_DATA,AP,24:0A:C:64:2C,-24,11,1,7,1,1,1,1,0,0,0,-95,1,6,1,11548-1 12 -1 12 -1 12 0 12 -2 13 -2 12 -2 12 -2 0 0 0 0 0 0 0 0 0 0 ]
2025-10-31T11:01:46.696,CSI_DATA,AP,24:0A:C4:02:64:2C,-24,11,1,7,1,1,1,1,0,0,0,-95,1,6,1,1154876428,0,84,0,0,1155.08,384,[84 -64 4 0 0 0 0 0 0 0 0 0 15 2 16 3 15 3 16 4 15 4 15 5 15 4 15 6 13 6 14 5 14 4 13 5 13 7 14 7 14 7 12 7 13 7 11 5 12 7 12 6 12 7 11 6 12 5 12 4 11 5 11 5 0 0 12 4 11 5 12 5 10 3 11 4 11CSI_DATA,AP,24:0A:C:64:2C,-24,11,1,7,1,1,1,1,0,0,0,-95,1,6,1,11548-1 12 -1 12 -1 12 0 12 -2 13 -2 12 -2 12 -2 0 0 0 0 0 0 0 0 0 0 ]
2025-10-31T11:01:46.724,CSI_DATA,AP,24:0A:C4:02:64:2C,-24,11,1,7,1,1,1,1,0,0,0,-95,1,6,1,1154876428,0,84,0,0,1155.08,384,[84 -64 4 0 0 0 0 0 0 0 0 0 15 2 16 3 15 3 16 4 15 4 15 5 15 4 15 6 13 6 14 5 14 4 13 5 13 7 14 7 14 7 12 7 13 7 11 5 12 7 12 6 12 7 11 6 12 5 12 4 11 5 11 5 0 0 12 4 11 5 12 5 10 3 11 4 11CSI_DATA,AP,24:0A:C:64:2C,-24,11,1,7,1,1,1,1,0,0,0,-95,1,6,1,11548-1 12 -1 12 -1 12 0 12 -2 13 -2 12 -2 12 -2 0 0 0 0 0 0 0 0 0 0 ]
2025-10-31T11:01:46.748,CSI_DATA,AP,24:0A:C4:02:64:2C,-24,11,1,7,1,1,1,1,0,0,0,-95,1,6,1,1154876428,0,84,0,0,1155.08,384,[84 -64 4 0 0 0 0 0 0 0 0 0 15 2 16 3 15 3 16 4 15 4 15 5 15 4 15 6 13 6 14 5 14 4 13 5 13 7 14 7 14 7 12 7 13 7 11 5 12 7 12 6 12 7 11 6 12 5 12 4 11 5 11 5 0 0 12 4 11 5 12 5 10 3 11 4 11CSI_DATA,AP,24:0A:C:64:2C,-24,11,1,7,1,1,1,1,0,0,0,-95,1,6,1,11548-1 12 -1 12 -1 12 0 12 -2 13 -2 12 -2 12 -2 0 0 0 0 0 0 0 0 0 0 ]
2025-10-31T11:01:46.774,CSI_DATA,AP,24:0A:C4:02:64:2C,-24,11,1,7,1,1,1,1,0,0,0,-95,1,6,1,1154876428,0,84,0,0,1155.08,384,[84 -64 4 0 0 0 0 0 0 0 0 0 15 2 16 3 15 3 16 4 15 4 15 5 15 4 15 6 13 6 14 5 14 4 13 5 13 7 14 7 14 7 12 7 13 7 11 5 12 7 12 6 12 7 11 6 12 5 12 4 11 5 11 5 0 0 12 4 11 5 12 5 10 3 11 4 11CSI_DATA,AP,24:0A:C:64:2C,-24,11,1,7,1,1,1,1,0,0,0,-95,1,6,1,11548-1 12 -1 12 -1 12 0 12 -2 13 -2 12 -2 12 -2 0 0 0 0 0 0 0 0 0 0 ]
2025-10-31T11:01:46.793,CSI_DATA,AP,24:0A:C4:02:64:2C,-24,11,1,7,1,1,1,1,0,0,0,-95,1,6,1,1154876428,0,84,0,0,1155.08,384,[84 -64 4 0 0 0 0 0 0 0 0 0 15 2 16 3 15 3 16 4 15 4 15 5 15 4 15 6 13 6 14 5 14 4 13 5 13 7 14 7 14 7 12 7 13 7 11 5 12 7 12 6 12 7 11 6 12 5 12 4 11 5 11 5 0 0 12 4 11 5 12 5 10 3 11 4 11CSI_DATA,AP,24:0A:C:64:2C,-24,11,1,7,1,1,1,1,0,0,0,-95,1,6,1,11548-1 12 -1 12 -1 12 0 12 -2 13 -2 12 -2 12 -2 0 0 0 0 0 0 0 0 0 0 ]
2025-10-31T11:01:46.814,CSI_DATA,AP,24:0A:C4:02:64:2C,-24,11,1,7,1,1,1,1,0,0,0,-95,1,6,1,1154876428,0,84,0,0,1155.08,384,[84 -64 4 0 0 0 0 0 0 0 0 0 15 2 16 3 15 3 16 4 15 4 15 5 15 4 15 6 13 6 14 5 14 4 13 5 13 7 14 7 14 7 12 7 13 7 11 5 12 7 12 6 12 7 11 6 12 5 12 4 11 5 11 5 0 0 12 4 11 5 12 5 10 3 11 4 11CSI_DATA,AP,24:0A:C:64:2C,-24,11,1,7,1,1,1,1,0,0,0,-95,1,6,1,11548-1 12 -1 12 -1 12 0 12 -2 13 -2 12 -2 12 -2 0 0 0 0 0 0 0 0 0 0 ]
2025-10-31T11:01:46.831,CSI_DATA,AP,24:0A:C4:02:64:2C,-24,11,1,7,1,1,1,1,0,0,0,-95,1,6,1,1154876428,0,84,0,0,1155.08,384,[84 -64 4 0 0 0 0 0 0 0 0 0 15 2 16 3 15 3 16 4 15 4 15 5 15 4 15 6 13 6 14 5 14 4 13 5 13 7 14 7 14 7 12 7 13 7 11 5 12 7 12 6 12 7 11 6 12 5 12 4 11 5 11 5 0 0 12 4 11 5 12 5 10 3 11 4 11CSI_DATA,AP,24:0A:C:64:2C,-24,11,1,7,1,1,1,1,0,0,0,-95,1,6,1,11548-1 12 -1 12 -1 12 0 12 -2 13 -2 12 -2 12 -2 0 0 0 0 0 0 0 0 0 0 ]
2025-10-31T11:01:46.842,CSI_DATA,AP,24:0A:C4:02:64:2C,-24,11,1,7,1,1,1,1,0,0,0,-95,1,6,1,1154876428,0,84,0,0,1155.08,384,[84 -64 4 0 0 0 0 0 0 0 0 0 15 2 16 3 15 3 16 4 15 4 15 5 15 4 15 6 13 6 14 5 14 4 13 5 13 7 14 7 14 7 12 7 13 7 11 5 12 7 12 6 12 7 11 6 12 5 12 4 11 5 11 5 0 0 12 4 11 5 12 5 10 3 11 4 11CSI_DATA,AP,24:0A:C:64:2C,-24,11,1,7,1,1,1,1,0,0,0,-95,1,6,1,11548-1 12 -1 12 -1 12 0 12 -2 13 -2 12 -2 12 -2 0 0 0 0 0 0 0 0 0 0 ]
2025-10-31T11:01:46.882,CSI_DATA,AP,24:0A:C4:02:64:2C,-24,11,1,7,1,1,1,1,0,0,0,-95,1,6,1,1154876428,0,84,0,0,1155.08,384,[84 -64 4 0 0 0 0 0 0 0 0 0 15 2 16 3 15 3 16 4 15 4 15 5 15 4 15 6 13 6 14 5 14 4 13 5 13 7 14 7 14 7 12 7 13 7 11 5 12 7 12 6 12 7 11 6 12 5 12 4 11 5 11 5 0 0 12 4 11 5 12 5 10 3 11 4 11CSI_DATA,AP,24:0A:C:64:2C,-24,11,1,7,1,1,1,1,0,0,0,-95,1,6,1,11548-1 12 -1 12 -1 12 0 12 -2 13 -2 12 -2 12 -2 0 0 0 0 0 0 0 0 0 0 ]
2025-10-31T11:01:46.908,CSI_DATA,AP,24:0A:C4:02:64:2C,-24,11,1,7,1,1,1,1,0,0,0,-95,1,6,1,1154876428,0,84,0,0,1155.08,384,[84 -64 4 0 0 0 0 0 0 0 0 0 15 2 16 3 15 3 16 4 15 4 15 5 15 4 15 6 13 6 14 5 14 4 13 5 13 7 14 7 14 7 12 7 13 7 11 5 12 7 12 6 12 7 11 6 12 5 12 4 11 5 11 5 0 0 12 4 11 5 12 5 10 3 11 4 11CSI_DATA,AP,24:0A:C:64:2C,-24,11,1,7,1,1,1,1,0,0,0,-95,1,6,1,11548-1 12 -1 12 -1 12 0 12 -2 13 -2 12 -2 12 -2 0 0 0 0 0 0 0 0 0 0 ]
2025-10-31T11:01:46.932,CSI_DATA,AP,24:0A:C4:02:64:2C,-24,11,1,7,1,1,1,1,0,0,0,-95,1,6,1,1154876428,0,84,0,0,1155.08,384,[84 -64 4 0 0 0 0 0 0 0 0 0 15 2 16 3 15 3 16 4 15 4 15 5 15 4 15 6 13 6 14 5 14 4 13 5 13 7 14 7 14 7 12 7 13 7 11 5 12 7 12 6 12 7 11 6 12 5 12 4 11 5 11 5 0 0 12 4 11 5 12 5 10 3 11 4 11CSI_DATA,AP,24:0A:C:64:2C,-24,11,1,7,1,1,1,1,0,0,0,-95,1,6,1,11548-1 12 -1 12 -1 12 0 12 -2 13 -2 12 -2 12 -2 0 0 0 0 0 0 0 0 0 0 ]
2025-10-31T11:01:46.957,CSI_DATA,AP,24:0A:C4:02:64:2C,-24,11,1,7,1,1,1,1,0,0,0,-95,1,6,1,1154876428,0,84,0,0,1155.08,384,[84 -64 4 0 0 0 0 0 0 0 0 0 15 2 16 3 15 3 16 4 15 4 15 5 15 4 15 6 13 6 14 5 14 4 13 5 13 7 14 7 14 7 12 7 13 7 11 5 12 7 12 6 12 7 11 6 12 5 12 4 11 5 11 5 0 0 12 4 11 5 12 5 10 3 11 4 11CSI_DATA,AP,24:0A:C:64:2C,-24,11,1,7,1,1,1,1,0,0,0,-95,1,6,1,11548-1 12 -1 12 -1 12 0 12 -2 13 -2 12 -2 12 -2 0 0 0 0 0 0 0 0 0 0 ]
2025-10-31T11:01:46.992,CSI_DATA,AP,24:0A:C4:02:64:2C,-24,11,1,7,1,1,1,1,0,0,0,-95,1,6,1,1154876428,0,84,0,0,1155.08,384,[84 -64 4 0 0 0 0 0 0 0 0 0 15 2 16 3 15 3 16 4 15 4 15 5 15 4 15 6 13 6 14 5 14 4 13 5 13 7 14 7 14 7 12 7 13 7 11 5 12 7 12 6 12 7 11 6 12 5 12 4 11 5 11 5 0 0 12 4 11 5 12 5 10 3 11 4 11CSI_DATA,AP,24:0A:C:64:2C,-24,11,1,7,1,1,1,1,0,0,0,-95,1,6,1,11548-1 12 -1 12 -1 12 0 12 -2 13 -2 12 -2 12 -2 0 0 0 0 0 0 0 0 0 0 ]
2025-10-31T11:01:47.020,CSI_DATA,AP,24:0A:C4:02:64:2C,-24,11,1,7,1,1,1,1,0,0,0,-95,1,6,1,1154876428,0,84,0,0,1155.08,384,[84 -64 4 0 0 0 0 0 0 0 0 0 15 2 16 3 15 3 16 4 15 4 15 5 15 4 15 6 13 6 14 5 14 4 13 5 13 7 14 7 14 7 12 7 13 7 11 5 12 7 12 6 12 7 11 6 12 5 12 4 11 5 11 5 0 0 12 4 11 5 12 5 10 3 11 4 11CSI_DATA,AP,24:0A:C:64:2C,-24,11,1,7,1,1,1,1,0,0,0,-95,1,6,1,11548-1 12 -1 12 -1 12 0 12 -2 13 -2 12 -2 12 -2 0 0 0 0 0 0 0 0 0 0 ]
2025-10-31T11:01:47.042,CSI_DATA,AP,24:0A:C4:02:64:2C,-24,11,1,7,1,1,1,1,0,0,0,-95,1,6,1,1154876428,0,84,0,0,1155.08,384,[84 -64 4 0 0 0 0 0 0 0 0 0 15 2 16 3 15 3 16 4 15 4 15 5 15 4 15 6 13 6 14 5 14 4 13 5 13 7 14 7 14 7 12 7 13 7 11 5 12 7 12 6 12 7 11 6 12 5 12 4 11 5 11 5 0 0 12 4 11 5 12 5 10 3 11 4 11CSI_DATA,AP,24:0A:C:64:2C,-24,11,1,7,1,1,1,1,0,0,0,-95,1,6,1,11548-1 12 -1 12 -1 12 0 12 -2 13 -2 12 -2 12 -2 0 0 0 0 0 0 0 0 0 0 ]
2025-10-31T11:01:47.059,CSI_DATA,AP,24:0A:C4:02:64:2C,-24,11,1,7,1,1,1,1,0,0,0,-95,1,6,1,1154876428,0,84,0,0,1155.08,384,[84 -64 4 0 0 0 0 0 0 0 0 0 15 2 16 3 15 3 16 4 15 4 15 5 15 4 15 6 13 6 14 5 14 4 13 5 13 7 14 7 14 7 12 7 13 7 11 5 12 7 12 6 12 7 11 6 12 5 12 4 11 5 11 5 0 0 12 4 11 5 12 5 10 3 11 4 11CSI_DATA,AP,24:0A:C:64:2C,-24,11,1,7,1,1,1,1,0,0,0,-95,1,6,1,11548-1 12 -1 12 -1 12 0 12 -2 13 -2 12 -2 12 -2 0 0 0 0 0 0 0 0 0 0 ]
2025-10-31T11:01:47.096,CSI_DATA,AP,24:0A:C4:02:64:2C,-24,11,1,7,1,1,1,1,0,0,0,-95,1,6,1,1154876428,0,84,0,0,1155.08,384,[84 -64 4 0 0 0 0 0 0 0 0 0 15 2 16 3 15 3 16 4 15 4 15 5 15 4 15 6 13 6 14 5 14 4 13 5 13 7 14 7 14 7 12 7 13 7 11 5 12 7 12 6 12 7 11 6 12 5 12 4 11 5 11 5 0 0 12 4 11 5 12 5 10 3 11 4 11CSI_DATA,AP,24:0A:C:64:2C,-24,11,1,7,1,1,1,1,0,0,0,-95,1,6,1,11548-1 12 -1 12 -1 12 0 12 -2 13 -2 12 -2 12 -2 0 0 0 0 0 0 0 0 0 0 ]
2025-10-31T11:01:47.117,CSI_DATA,AP,24:0A:C4:02:64:2C,-24,11,1,7,1,1,1,1,0,0,0,-95,1,6,1,1154876428,0,84,0,0,1155.08,384,[84 -64 4 0 0 0 0 0 0 0 0 0 15 2 16 3 15 3 16 4 15 4 15 5 15 4 15 6 13 6 14 5 14 4 13 5 13 7 14 7 14 7 12 7 13 7 11 5 12 7 12 6 12 7 11 6 12 5 12 4 11 5 11 5 0 0 12 4 11 5 12 5 10 3 11 4 11CSI_DATA,AP,24:0A:C:64:2C,-24,11,1,7,1,1,1,1,0,0,0,-95,1,6,1,11548-1 12 -1 12 -1 12 0 12 -2 13 -2 12 -2 12 -2 0 0 0 0 0 0 0 0 0 0 ]
2025-10-31T11:01:47.143,CSI_DATA,AP,24:0A:C4:02:64:2C,-24,11,1,7,1,1,1,1,0,0,0,-95,1,6,1,1154876428,0,84,0,0,1155.08,384,[84 -64 4 0 0 0 0 0 0 0 0 0 15 2 16 3 15 3 16 4 15 4 15 5 15 4 15 6 13 6 14 5 14 4 13 5 13 7 14 7 14 7 12 7 13 7 11 5 12 7 12 6 12 7 11 6 12 5 12 4 11 5 11 5 0 0 12 4 11 5 12 5 10 3 11 4 11CSI_DATA,AP,24:0A:C:64:2C,-24,11,1,7,1,1,1,1,0,0,0,-95,1,6,1,11548-1 12 -1 12 -1 12 0 12 -2 13 -2 12 -2 12 -2 0 0 0 0 0 0 0 0 0 0 ]
2025-10-31T11:01:47.157,CSI_DATA,AP,24:0A:C4:02:64:2C,-24,11,1,7,1,1,1,1,0,0,0,-95,1,6,1,1154876428,0,84,0,0,1155.08,384,[84 -64 4 0 0 0 0 0 0 0 0 0 15 2 16 3 15 3 16 4 15 4 15 5 15 4 15 6 13 6 14 5 14 4 13 5 13 7 14 7 14 7 12 7 13 7 11 5 12 7 12 6 12 7 11 6 12 5 12 4 11 5 11 5 0 0 12 4 11 5 12 5 10 3 11 4 11CSI_DATA,AP,24:0A:C:64:2C,-24,11,1,7,1,1,1,1,0,0,0,-95,1,6,1,11548-1 12 -1 12 -1 12 0 12 -2 13 -2 12 -2 12 -2 0 0 0 0 0 0 0 0 0 0 ]
2025-10-31T11:01:47.190,CSI_DATA,AP,24:0A:C4:02:64:2C,-24,11,1,7,1,1,1,1,0,0,0,-95,1,6,1,1154876428,0,84,0,0,1155.08,384,[84 -64 4 0 0 0 0 0 0 0 0 0 15 2 16 3 15 3 16 4 15 4 15 5 15 4 15 6 13 6 14 5 14 4 13 5 13 7 14 7 14 7 12 7 13 7 11 5 12 7 12 6 12 7 11 6 12 5 12 4 11 5 11 5 0 0 12 4 11 5 12 5 10 3 11 4 11CSI_DATA,AP,24:0A:C:64:2C,-24,11,1,7,1,1,1,1,0,0,0,-95,1,6,1,11548-1 12 -1 12 -1 12 0 12 -2 13 -2 12 -2 12 -2 0 0 0 0 0 0 0 0 0 0 ]
2025-10-31T11:01:47.212,CSI_DATA,AP,24:0A:C4:02:64:2C,-24,11,1,7,1,1,1,1,0,0,0,-95,1,6,1,1154876428,0,84,0,0,1155.08,384,[84 -64 4 0 0 0 0 0 0 0 0 0 15 2 16 3 15 3 16 4 15 4 15 5 15 4 15 6 13 6 14 5 14 4 13 5 13 7 14 7 14 7 12 7 13 7 11 5 12 7 12 6 12 7 11 6 12 5 12 4 11 5 11 5 0 0 12 4 11 5 12 5 10 3 11 4 11CSI_DATA,AP,24:0A:C:64:2C,-24,11,1,7,1,1,1,1,0,0,0,-95,1,6,1,11548-1 12 -1 12 -1 12 0 12 -2 13 -2 12 -2 12 -2 0 0 0 0 0 0 0 0 0 0 ]
2025-10-31T11:01:47.235,CSI_DATA,AP,24:0A:C4:02:64:2C,-24,11,1,7,1,1,1,1,0,0,0,-95,1,6,1,1154876428,0,84,0,0,1155.08,384,[84 -64 4 0 0 0 0 0 0 0 0 0 15 2 16 3 15 3 16 4 15 4 15 5 15 4 15 6 13 6 14 5 14 4 13 5 13 7 14 7 14 7 12 7 13 7 11 5 12 7 12 6 12 7 11 6 12 5 12 4 11 5 11 5 0 0 12 4 11 5 12 5 10 3 11 4 11CSI_DATA,AP,24:0A:C:64:2C,-24,11,1,7,1,1,1,1,0,0,0,-95,1,6,1,11548-1 12 -1 12 -1 12 0 12 -2 13 -2 12 -2 12 -2 0 0 0 0 0 0 0 0 0 0 ]
2025-10-31T11:01:47.257,CSI_DATA,AP,24:0A:C4:02:64:2C,-24,11,1,7,1,1,1,1,0,0,0,-95,1,6,1,1154876428,0,84,0,0,1155.08,384,[84 -64 4 0 0 0 0 0 0 0 0 0 15 2 16 3 15 3 16 4 15 4 15 5 15 4 15 6 13 6 14 5 14 4 13 5 13 7 14 7 14 7 12 7 13 7 11 5 12 7 12 6 12 7 11 6 12 5 12 4 11 5 11 5 0 0 12 4 11 5 12 5 10 3 11 4 11CSI_DATA,AP,24:0A:C:64:2C,-24,11,1,7,1,1,1,1,0,0,0,-95,1,6,1,11548-1 12 -1 12 -1 12 0 12 -2 13 -2 12 -2 12 -2 0 0 0 0 0 0 0 0 0 0 ]
2025-10-31T11:01:47.276,CSI_DATA,AP,24:0A:C4:02:64:2C,-24,11,1,7,1,1,1,1,0,0,0,-95,1,6,1,1154876428,0,84,0,0,1155.08,384,[84 -64 4 0 0 0 0 0 0 0 0 0 15 2 16 3 15 3 16 4 15 4 15 5 15 4 15 6 13 6 14 5 14 4 13 5 13 7 14 7 14 7 12 7 13 7 11 5 12 7 12 6 12 7 11 6 12 5 12 4 11 5 11 5 0 0 12 4 11 5 12 5 10 3 11 4 11CSI_DATA,AP,24:0A:C:64:2C,-24,11,1,7,1,1,1,1,0,0,0,-95,1,6,1,11548-1 12 -1 12 -1 12 0 12 -2 13 -2 12 -2 12 -2 0 0 0 0 0 0 0 0 0 0 ]
2025-10-31T11:01:47.304,CSI_DATA,AP,24:0A:C4:02:64:2C,-24,11,1,7,1,1,1,1,0,0,0,-95,1,6,1,1154876428,0,84,0,0,1155.08,384,[84 -64 4 0 0 0 0 0 0 0 0 0 15 2 16 3 15 3 16 4 15 4 15 5 15 4 15 6 13 6 14 5 14 4 13 5 13 7 14 7 14 7 12 7 13 7 11 5 12 7 12 6 12 7 11 6 12 5 12 4 11 5 11 5 0 0 12 4 11 5 12 5 10 3 11 4 11CSI_DATA,AP,24:0A:C:64:2C,-24,11,1,7,1,1,1,1,0,0,0,-95,1,6,1,11548-1 12 -1 12 -1 12 0 12 -2 13 -2 12 -2 12 -2 0 0 0 0 0 0 0 0 0 0 ]
2025-10-31T11:01:47.323,CSI_DATA,AP,24:0A:C4:02:64:2C,-24,11,1,7,1,1,1,1,0,0,0,-95,1,6,1,1154876428,0,84,0,0,1155.08,384,[84 -64 4 0 0 0 0 0 0 0 0 0 15 2 16 3 15 3 16 4 15 4 15 5 15 4 15 6 13 6 14 5 14 4 13 5 13 7 14 7 14 7 12 7 13 7 11 5 12 7 12 6 12 7 11 6 12 5 12 4 11 5 11 5 0 0 12 4 11 5 12 5 10 3 11 4 11CSI_DATA,AP,24:0A:C:64:2C,-24,11,1,7,1,1,1,1,0,0,0,-95,1,6,1,11548-1 12 -1 12 -1 12 0 12 -2 13 -2 12 -2 12 -2 0 0 0 0 0 0 0 0 0 0 ]
2025-10-31T11:01:47.354,CSI_DATA,AP,24:0A:C4:02:64:2C,-24,11,1,7,1,1,1,1,0,0,0,-95,1,6,1,1154876428,0,84,0,0,1155.08,384,[84 -64 4 0 0 0 0 0 0 0 0 0 15 2 16 3 15 3 16 4 15 4 15 5 15 4 15 6 13 6 14 5 14 4 13 5 13 7 14 7 14 7 12 7 13 7 11 5 12 7 12 6 12 7 11 6 12 5 12 4 11 5 11 5 0 0 12 4 11 5 12 5 10 3 11 4 11CSI_DATA,AP,24:0A:C:64:2C,-24,11,1,7,1,1,1,1,0,0,0,-95,1,6,1,11548-1 12 -1 12 -1 12 0 12 -2 13 -2 12 -2 12 -2 0 0 0 0 0 0 0 0 0 0 ]
2025-10-31T11:01:47.382,CSI_DATA,AP,24:0A:C4:02:64:2C,-24,11,1,7,1,1,1,1,0,0,0,-95,1,6,1,1154876428,0,84,0,0,1155.08,384,[84 -64 4 0 0 0 0 0 0 0 0 0 15 2 16 3 15 3 16 4 15 4 15 5 15 4 15 6 13 6 14 5 14 4 13 5 13 7 14 7 14 7 12 7 13 7 11 5 12 7 12 6 12 7 11 6 12 5 12 4 11 5 11 5 0 0 12 4 11 5 12 5 10 3 11 4 11CSI_DATA,AP,24:0A:C:64:2C,-24,11,1,7,1,1,1,1,0,0,0,-95,1,6,1,11548-1 12 -1 12 -1 12 0 12 -2 13 -2 12 -2 12 -2 0 0 0 0 0 0 0 0 0 0 ]
2025-10-31T11:01:47.412,CSI_DATA,AP,24:0A:C4:02:64:2C,-24,11,1,7,1,1,1,1,0,0,0,-95,1,6,1,1154876428,0,84,0,0,1155.08,384,[84 -64 4 0 0 0 0 0 0 0 0 0 15 2 16 3 15 3 16 4 15 4 15 5 15 4 15 6 13 6 14 5 14 4 13 5 13 7 14 7 14 7 12 7 13 7 11 5 12 7 12 6 12 7 11 6 12 5 12 4 11 5 11 5 0 0 12 4 11 5 12 5 10 3 11 4 11CSI_DATA,AP,24:0A:C:64:2C,-24,11,1,7,1,1,1,1,0,0,0,-95,1,6,1,11548-1 12 -1 12 -1 12 0 12 -2 13 -2 12 -2 12 -2 0 0 0 0 0 0 0 0 0 0 ]
2025-10-31T11:01:47.442,CSI_DATA,AP,24:0A:C4:02:64:2C,-24,11,1,7,1,1,1,1,0,0,0,-95,1,6,1,1154876428,0,84,0,0,1155.08,384,[84 -64 4 0 0 0 0 0 0 0 0 0 15 2 16 3 15 3 16 4 15 4 15 5 15 4 15 6 13 6 14 5 14 4 13 5 13 7 14 7 14 7 12 7 13 7 11 5 12 7 12 6 12 7 11 6 12 5 12 4 11 5 11 5 0 0 12 4 11 5 12 5 10 3 11 4 11CSI_DATA,AP,24:0A:C:64:2C,-24,11,1,7,1,1,1,1,0,0,0,-95,1,6,1,11548-1 12 -1 12 -1 12 0 12 -2 13 -2 12 -2 12 -2 0 0 0 0 0 0 0 0 0 0 ]
2025-10-31T11:01:47.464,CSI_DATA,AP,24:0A:C4:02:64:2C,-24,11,1,7,1,1,1,1,0,0,0,-95,1,6,1,1154876428,0,84,0,0,1155.08,384,[84 -64 4 0 0 0 0 0 0 0 0 0 15 2 16 3 15 3 16 4 15 4 15 5 15 4 15 6 13 6 14 5 14 4 13 5 13 7 14 7 14 7 12 7 13 7 11 5 12 7 12 6 12 7 11 6 12 5 12 4 11 5 11 5 0 0 12 4 11 5 12 5 10 3 11 4 11CSI_DATA,AP,24:0A:C:64:2C,-24,11,1,7,1,1,1,1,0,0,0,-95,1,6,1,11548-1 12 -1 12 -1 12 0 12 -2 13 -2 12 -2 12 -2 0 0 0 0 0 0 0 0 0 0 ]
2025-10-31T11:01:47.492,CSI_DATA,AP,24:0A:C4:02:64:2C,-24,11,1,7,1,1,1,1,0,0,0,-95,1,6,1,1154876428,0,84,0,0,1155.08,384,[84 -64 4 0 0 0 0 0 0 0 0 0 15 2 16 3 15 3 16 4 15 4 15 5 15 4 15 6 13 6 14 5 14 4 13 5 13 7 14 7 14 7 12 7 13 7 11 5 12 7 12 6 12 7 11 6 12 5 12 4 11 5 11 5 0 0 12 4 11 5 12 5 10 3 11 4 11CSI_DATA,AP,24:0A:C:64:2C,-24,11,1,7,1,1,1,1,0,0,0,-95,1,6,1,11548-1 12 -1 12 -1 12 0 12 -2 13 -2 12 -2 12 -2 0 0 0 0 0 0 0 0 0 0 ]
2025-10-31T11:01:47.526,CSI_DATA,AP,24:0A:C4:02:64:2C,-24,11,1,7,1,1,1,1,0,0,0,-95,1,6,1,1154876428,0,84,0,0,1155.08,384,[84 -64 4 0 0 0 0 0 0 0 0 0 15 2 16 3 15 3 16 4 15 4 15 5 15 4 15 6 13 6 14 5 14 4 13 5 13 7 14 7 14 7 12 7 13 7 11 5 12 7 12 6 12 7 11 6 12 5 12 4 11 5 11 5 0 0 12 4 11 5 12 5 10 3 11 4 11CSI_DATA,AP,24:0A:C:64:2C,-24,11,1,7,1,1,1,1,0,0,0,-95,1,6,1,11548-1 12 -1 12 -1 12 0 12 -2 13 -2 12 -2 12 -2 0 0 0 0 0 0 0 0 0 0 ]
2025-10-31T11:01:47.540,CSI_DATA,AP,24:0A:C4:02:64:2C,-24,11,1,7,1,1,1,1,0,0,0,-95,1,6,1,1154876428,0,84,0,0,1155.08,384,[84 -64 4 0 0 0 0 0 0 0 0 0 15 2 16 3 15 3 16 4 15 4 15 5 15 4 15 6 13 6 14 5 14 4 13 5 13 7 14 7 14 7 12 7 13 7 11 5 12 7 12 6 12 7 11 6 12 5 12 4 11 5 11 5 0 0 12 4 11 5 12 5 10 3 11 4 11CSI_DATA,AP,24:0A:C:64:2C,-24,11,1,7,1,1,1,1,0,0,0,-95,1,6,1,11548-1 12 -1 12 -1 12 0 12 -2 13 -2 12 -2 12 -2 0 0 0 0 0 0 0 0 0 0 ]
2025-10-31T11:01:47.567,CSI_DATA,AP,24:0A:C4:02:64:2C,-24,11,1,7,1,1,1,1,0,0,0,-95,1,6,1,1154876428,0,84,0,0,1155.08,384,[84 -64 4 0 0 0 0 0 0 0 0 0 15 2 16 3 15 3 16 4 15 4 15 5 15 4 15 6 13 6 14 5 14 4 13 5 13 7 14 7 14 7 12 7 13 7 11 5 12 7 12 6 12 7 11 6 12 5 12 4 11 5 11 5 0 0 12 4 11 5 12 5 10 3 11 4 11CSI_DATA,AP,24:0A:C:64:2C,-24,11,1,7,1,1,1,1,0,0,0,-95,1,6,1,11548-1 12 -1 12 -1 12 0 12 -2 13 -2 12 -2 12 -2 0 0 0 0 0 0 0 0 0 0 ]
2025-10-31T11:01:47.599,CSI_DATA,AP,24:0A:C4:02:64:2C,-24,11,1,7,1,1,1,1,0,0,0,-95,1,6,1,1154876428,0,84,0,0,1155.08,384,[84 -64 4 0 0 0 0 0 0 0 0 0 15 2 16 3 15 3 16 4 15 4 15 5 15 4 15 6 13 6 14 5 14 4 13 5 13 7 14 7 14 7 12 7 13 7 11 5 12 7 12 6 12 7 11 6 12 5 12 4 11 5 11 5 0 0 12 4 11 5 12 5 10 3 11 4 11CSI_DATA,AP,24:0A:C:64:2C,-24,11,1,7,1,1,1,1,0,0,0,-95,1,6,1,11548-1 12 -1 12 -1 12 0 12 -2 13 -2 12 -2 12 -2 0 0 0 0 0 0 0 0 0 0 ]
2025-10-31T11:01:47.625,CSI_DATA,AP,24:0A:C4:02:64:2C,-24,11,1,7,1,1,1,1,0,0,0,-95,1,6,1,1154876428,0,84,0,0,1155.08,384,[84 -64 4 0 0 0 0 0 0 0 0 0 15 2 16 3 15 3 16 4 15 4 15 5 15 4 15 6 13 6 14 5 14 4 13 5 13 7 14 7 14 7 12 7 13 7 11 5 12 7 12 6 12 7 11 6 12 5 12 4 11 5 11 5 0 0 12 4 11 5 12 5 10 3 11 4 11CSI_DATA,AP,24:0A:C:64:2C,-24,11,1,7,1,1,1,1,0,0,0,-95,1,6,1,11548-1 12 -1 12 -1 12 0 12 -2 13 -2 12 -2 12 -2 0 0 0 0 0 0 0 0 0 0 ]
2025-10-31T11:01:47.651,CSI_DATA,AP,24:0A:C4:02:64:2C,-24,11,1,7,1,1,1,1,0,0,0,-95,1,6,1,1154876428,0,84,0,0,1155.08,384,[84 -64 4 0 0 0 0 0 0 0 0 0 15 2 16 3 15 3 16 4 15 4 15 5 15 4 15 6 13 6 14 5 14 4 13 5 13 7 14 7 14 7 12 7 13 7 11 5 12 7 12 6 12 7 11 6 12 5 12 4 11 5 11 5 0 0 12 4 11 5 12 5 10 3 11 4 11CSI_DATA,AP,24:0A:C:64:2C,-24,11,1,7,1,1,1,1,0,0,0,-95,1,6,1,11548-1 12 -1 12 -1 12 0 12 -2 13 -2 12 -2 12 -2 0 0 0 0 0 0 0 0 0 0 ]
2025-10-31T11:01:47.676,CSI_DATA,AP,24:0A:C4:02:64:2C,-24,11,1,7,1,1,1,1,0,0,0,-95,1,6,1,1154876428,0,84,0,0,1155.08,384,[84 -64 4 0 0 0 0 0 0 0 0 0 15 2 16 3 15 3 16 4 15 4 15 5 15 4 15 6 13 6 14 5 14 4 13 5 13 7 14 7 14 7 12 7 13 7 11 5 12 7 12 6 12 7 11 6 12 5 12 4 11 5 11 5 0 0 12 4 11 5 12 5 10 3 11 4 11CSI_DATA,AP,24:0A:C:64:2C,-24,11,1,7,1,1,1,1,0,0,0,-95,1,6,1,11548-1 12 -1 12 -1 12 0 12 -2 13 -2 12 -2 12 -2 0 0 0 0 0 0 0 0 0 0 ]
2025-10-31T11:01:47.694,CSI_DATA,AP,24:0A:C4:02:64:2C,-24,11,1,7,1,1,1,1,0,0,0,-95,1,6,1,1154876428,0,84,0,0,1155.08,384,[84 -64 4 0 0 0 0 0 0 0 0 0 15 2 16 3 15 3 16 4 15 4 15 5 15 4 15 6 13 6 14 5 14 4 13 5 13 7 14 7 14 7 12 7 13 7 11 5 12 7 12 6 12 7 11 6 12 5 12 4 11 5 11 5 0 0 12 4 11 5 12 5 10 3 11 4 11CSI_DATA,AP,24:0A:C:64:2C,-24,11,1,7,1,1,1,1,0,0,0,-95,1,6,1,11548-1 12 -1 12 -1 12 0 12 -2 13 -2 12 -2 12 -2 0 0 0 0 0 0 0 0 0 0 ]
2025-10-31T11:01:47.729,CSI_DATA,AP,24:0A:C4:02:64:2C,-24,11,1,7,1,1,1,1,0,0,0,-95,1,6,1,1154876428,0,84,0,0,1155.08,384,[84 -64 4 0 0 0 0 0 0 0 0 0 15 2 16 3 15 3 16 4 15 4 15 5 15 4 15 6 13 6 14 5 14 4 13 5 13 7 14 7 14 7 12 7 13 7 11 5 12 7 12 6 12 7 11 6 12 5 12 4 11 5 11 5 0 0 12 4 11 5 12 5 10 3 11 4 11CSI_DATA,AP,24:0A:C:64:2C,-24,11,1,7,1,1,1,1,0,0,0,-95,1,6,1,11548-1 12 -1 12 -1 12 0 12 -2 13 -2 12 -2 12 -2 0 0 0 0 0 0 0 0 0 0 ]
2025-10-31T11:01:48.756,CSI_DATA,AP,24:0A:C4:02:64:2C,-24,11,1,7,1,1,1,1,0,0,0,-95,1,6,1,1154876428,0,84,0,0,1155.08,384,[84 -64 4 0 0 0 0 0 0 0 0 0 15 2 16 3 15 3 16 4 15 4 15 5 15 4 15 6 13 6 14 5 14 4 13 5
